EXAMPLE_ID,RANK_1,RANK_2,RANK_3,RANK_4,RANK_5
valid_0001,DEPOSIT METAL SEED,DEPOSIT TUNGSTEN SEED,DEPOSIT BARRIER METAL,FILL VIA METAL,MEASURE VIA CD
valid_0002,CLEAN PAD OPENING,STRIP RESIST,STRIP PHOTORESIST,MEASURE PAD OPENING,CLEAN AFTER METAL ETCH
valid_0003,MEASURE VIA CD,DEPOSIT BARRIER METAL,IMPLANT SOURCE REGION,MEASURE SURFACE UNIFORMITY,MEASURE LINE WIDTH
valid_0004,PASSIVATION ETCH,PASSIVATION ETCH PAD OPENING,DEVELOP PAD WINDOW,STRIP RESIST,VIA OPENING INSPECTION
valid_0005,MEASURE VIA CD,DEPOSIT BARRIER METAL,DEPOSIT METAL SEED,IMPLANT SOURCE REGION,MEASURE LINE WIDTH
valid_0006,PASSIVATION ETCH PAD OPENING,PASSIVATION ETCH,DEVELOP PAD WINDOW,STRIP RESIST,DEVELOP PHOTORESIST
valid_0007,MEASURE VIA CD,DEPOSIT BARRIER METAL,DEPOSIT METAL SEED,MEASURE LINE WIDTH,MEASURE SURFACE UNIFORMITY
valid_0008,PASSIVATION ETCH PAD OPENING,PASSIVATION ETCH,DEVELOP PAD WINDOW,STRIP RESIST,DEVELOP PHOTORESIST
valid_0009,MEASURE VIA CD,DEPOSIT BARRIER METAL,MEASURE SURFACE UNIFORMITY,IMPLANT SOURCE REGION,DEPOSIT METAL SEED
valid_0010,STRIP PHOTORESIST,STRIP RESIST,STRIP RESIST LEVEL 2,PASSIVATION ETCH PAD OPENING,PASSIVATION ETCH
valid_0011,MEASURE VIA CD,DEPOSIT BARRIER METAL,IMPLANT SOURCE REGION,MEASURE SURFACE UNIFORMITY,CLEAN AFTER VIA ETCH
valid_0012,PASSIVATION ETCH PAD OPENING,PASSIVATION ETCH,DEVELOP PAD WINDOW,STRIP RESIST,VIA OPENING INSPECTION
valid_0013,MEASURE VIA CD,DEPOSIT BARRIER METAL,DEPOSIT METAL SEED,IMPLANT SOURCE REGION,MEASURE SURFACE UNIFORMITY
valid_0014,STRIP RESIST,STRIP PHOTORESIST,STRIP RESIST LEVEL 2,PASSIVATION ETCH PAD OPENING,PASSIVATION ETCH
valid_0015,MEASURE VIA CD,DEPOSIT BARRIER METAL,IMPLANT SOURCE REGION,DEPOSIT METAL SEED,MEASURE LINE WIDTH
valid_0016,STRIP PHOTORESIST,STRIP RESIST,STRIP RESIST LEVEL 2,PASSIVATION ETCH PAD OPENING,PASSIVATION ETCH
valid_0017,CLEAN AFTER VIA ETCH,CLEAN AFTER FIELD ETCH,DEPOSIT BARRIER METAL,STRIP RESIST,CLEAN AFTER POLY ETCH
valid_0018,PASSIVATION ETCH PAD OPENING,PASSIVATION ETCH,DEVELOP PAD WINDOW,STRIP RESIST,DEVELOP PHOTORESIST
valid_0019,DEPOSIT BARRIER METAL,MEASURE VIA CD,DEPOSIT METAL SEED,IMPLANT SOURCE REGION,DEPOSIT PASSIVATION LAYER
valid_0020,STRIP PHOTORESIST,STRIP RESIST,STRIP RESIST LEVEL 2,PASSIVATION ETCH PAD OPENING,PASSIVATION ETCH
valid_0021,CLEAN AFTER VIA ETCH,CLEAN AFTER FIELD ETCH,CLEAN AFTER METAL ETCH,STRIP RESIST,DEPOSIT BARRIER METAL
valid_0022,DEVELOP PHOTORESIST,DEVELOP PAD WINDOW,POST EXPOSE BAKE,PAD WINDOW LITHO,OPEN PAD WINDOW LITHO
valid_0023,CLEAN AFTER VIA ETCH,CLEAN AFTER FIELD ETCH,CLEAN AFTER POLY ETCH,DEPOSIT BARRIER METAL,STRIP RESIST
valid_0024,PASSIVATION ETCH PAD OPENING,PASSIVATION ETCH,DEVELOP PAD WINDOW,STRIP RESIST,STRIP PHOTORESIST
valid_0025,CLEAN AFTER VIA ETCH,CLEAN AFTER POLY ETCH,CLEAN AFTER METAL ETCH,CLEAN AFTER FIELD ETCH,STRIP RESIST
valid_0026,DEVELOP PHOTORESIST,DEVELOP PAD WINDOW,POST EXPOSE BAKE,PAD WINDOW LITHO,OPEN PAD WINDOW LITHO
valid_0027,STRIP PHOTORESIST,STRIP RESIST,STRIP RESIST LEVEL 2,VIA ETCH,DIELECTRIC ETCH VIA
valid_0028,PAD WINDOW LITHO,OPEN PAD WINDOW LITHO,DEVELOP PAD WINDOW,OPEN BOND PAD WINDOW,OPEN PAD WINDOW
valid_0029,STRIP PHOTORESIST,STRIP RESIST,STRIP RESIST LEVEL 2,VIA ETCH,DIELECTRIC ETCH VIA
valid_0030,DEVELOP PHOTORESIST,DEVELOP PAD WINDOW,POST EXPOSE BAKE,PAD WINDOW LITHO,OPEN PAD WINDOW LITHO
valid_0031,MEASURE VIA CD,DEPOSIT BARRIER METAL,DEPOSIT METAL SEED,IMPLANT SOURCE REGION,MEASURE SURFACE UNIFORMITY
valid_0032,STRIP PHOTORESIST,STRIP RESIST,STRIP RESIST LEVEL 2,PASSIVATION ETCH PAD OPENING,PASSIVATION ETCH
valid_0033,FILL VIA METAL,DEPOSIT METAL SEED,CMP VIA FILL,CMP METAL,FILL VIA TUNGSTEN
valid_0034,STRIP PHOTORESIST,STRIP RESIST,STRIP RESIST LEVEL 2,PASSIVATION ETCH PAD OPENING,PASSIVATION ETCH
valid_0035,DEPOSIT BARRIER METAL,MEASURE VIA CD,DEPOSIT METAL SEED,IMPLANT SOURCE REGION,DEPOSIT PASSIVATION LAYER
valid_0036,CLEAN PAD OPENING,STRIP RESIST,STRIP PHOTORESIST,CLEAN AFTER METAL ETCH,MEASURE PAD OPENING
valid_0037,MEASURE VIA CD,DEPOSIT BARRIER METAL,IMPLANT SOURCE REGION,MEASURE SURFACE UNIFORMITY,MEASURE LINE WIDTH
valid_0038,STRIP RESIST,STRIP PHOTORESIST,STRIP RESIST LEVEL 2,PASSIVATION ETCH PAD OPENING,PASSIVATION ETCH
valid_0039,CMP VIA FILL,CMP METAL,FILL VIA METAL,MEASURE VIA RESISTANCE,MEASURE CONTACT RESISTANCE
valid_0040,MEASURE PAD OPENING,BACKSIDE CLEAN,CLEAN PAD OPENING,BACKSIDE CLEAN FINAL,BACKSIDE THINNING CHECK
valid_0041,MEASURE VIA CD,DEPOSIT BARRIER METAL,IMPLANT SOURCE REGION,MEASURE SURFACE UNIFORMITY,DEPOSIT METAL SEED
valid_0042,DEVELOP PHOTORESIST,DEVELOP PAD WINDOW,POST EXPOSE BAKE,PAD WINDOW LITHO,OPEN PAD WINDOW LITHO
valid_0043,MEASURE VIA CD,DEPOSIT BARRIER METAL,IMPLANT SOURCE REGION,MEASURE SURFACE UNIFORMITY,DEPOSIT METAL SEED
valid_0044,PASSIVATION ETCH,PASSIVATION ETCH PAD OPENING,DEVELOP PAD WINDOW,STRIP RESIST,VIA OPENING INSPECTION
valid_0045,MEASURE VIA CD,DEPOSIT BARRIER METAL,IMPLANT SOURCE REGION,MEASURE SURFACE UNIFORMITY,DEPOSIT METAL SEED
valid_0046,PASSIVATION ETCH PAD OPENING,PASSIVATION ETCH,DEVELOP PAD WINDOW,STRIP RESIST,STRIP PHOTORESIST
valid_0047,DEPOSIT METAL SEED,DEPOSIT TUNGSTEN SEED,DEPOSIT BARRIER METAL,FILL VIA METAL,DEPOSIT PASSIVATION
valid_0048,STRIP PHOTORESIST,STRIP RESIST,STRIP RESIST LEVEL 2,PASSIVATION ETCH PAD OPENING,PASSIVATION ETCH
valid_0049,DEPOSIT BARRIER METAL,MEASURE VIA CD,DEPOSIT METAL SEED,IMPLANT SOURCE REGION,DEPOSIT PASSIVATION LAYER
valid_0050,PASSIVATION ETCH PAD OPENING,PASSIVATION ETCH,DEVELOP PAD WINDOW,STRIP RESIST,STRIP PHOTORESIST
valid_0051,DEPOSIT BARRIER METAL,MEASURE VIA CD,DEPOSIT METAL SEED,IMPLANT SOURCE REGION,DEPOSIT PASSIVATION LAYER
valid_0052,STRIP PHOTORESIST,STRIP RESIST,STRIP RESIST LEVEL 2,PASSIVATION ETCH PAD OPENING,PASSIVATION ETCH
valid_0053,CLEAN AFTER VIA ETCH,CLEAN AFTER FIELD ETCH,DEPOSIT BARRIER METAL,CLEAN AFTER METAL ETCH,CLEAN AFTER POLY ETCH
valid_0054,PASSIVATION ETCH PAD OPENING,PASSIVATION ETCH,DEVELOP PAD WINDOW,STRIP RESIST,STRIP PHOTORESIST
valid_0055,DEPOSIT METAL SEED,DEPOSIT TUNGSTEN SEED,DEPOSIT BARRIER METAL,FILL VIA METAL,MEASURE VIA CD
valid_0056,CLEAN PAD OPENING,STRIP RESIST,STRIP PHOTORESIST,MEASURE PAD OPENING,CLEAN AFTER METAL ETCH
valid_0057,STRIP PHOTORESIST,STRIP RESIST,STRIP RESIST LEVEL 2,VIA ETCH,DIELECTRIC ETCH VIA
valid_0058,STRIP PHOTORESIST,STRIP RESIST,STRIP RESIST LEVEL 2,PASSIVATION ETCH PAD OPENING,PASSIVATION ETCH
valid_0059,MEASURE VIA CD,DEPOSIT BARRIER METAL,DEPOSIT METAL SEED,MEASURE LINE WIDTH,MEASURE SURFACE UNIFORMITY
valid_0060,PASSIVATION ETCH PAD OPENING,PASSIVATION ETCH,DEVELOP PAD WINDOW,STRIP RESIST,STRIP PHOTORESIST
valid_0061,DEPOSIT BARRIER METAL,MEASURE VIA CD,DEPOSIT METAL SEED,IMPLANT SOURCE REGION,DEPOSIT PASSIVATION LAYER
valid_0062,DEVELOP PAD WINDOW,DEVELOP PHOTORESIST,POST EXPOSE BAKE,PAD WINDOW LITHO,OPEN PAD WINDOW LITHO
valid_0063,STRIP PHOTORESIST,STRIP RESIST,STRIP RESIST LEVEL 2,VIA ETCH,HARD BAKE
valid_0064,DEVELOP PHOTORESIST,DEVELOP PAD WINDOW,POST EXPOSE BAKE,PAD WINDOW LITHO,OPEN PAD WINDOW LITHO
valid_0065,MEASURE VIA CD,DEPOSIT BARRIER METAL,IMPLANT SOURCE REGION,MEASURE SURFACE UNIFORMITY,DEPOSIT METAL SEED
valid_0066,PASSIVATION ETCH,PASSIVATION ETCH PAD OPENING,DEVELOP PAD WINDOW,STRIP RESIST,VIA OPENING INSPECTION
valid_0067,CLEAN AFTER VIA ETCH,CLEAN AFTER FIELD ETCH,CLEAN AFTER POLY ETCH,CLEAN AFTER METAL ETCH,MEASURE VIA CD
valid_0068,STRIP PHOTORESIST,STRIP RESIST,STRIP RESIST LEVEL 2,HARD BAKE,PASSIVATION ETCH PAD OPENING
valid_0069,CLEAN AFTER VIA ETCH,CLEAN AFTER POLY ETCH,CLEAN AFTER FIELD ETCH,STRIP RESIST,DEPOSIT BARRIER METAL
valid_0070,PASSIVATION ETCH PAD OPENING,PASSIVATION ETCH,DEVELOP PAD WINDOW,STRIP RESIST,STRIP PHOTORESIST
valid_0071,CLEAN AFTER VIA ETCH,CLEAN AFTER FIELD ETCH,CLEAN AFTER POLY ETCH,DEPOSIT BARRIER METAL,MEASURE VIA CD
valid_0072,PASSIVATION ETCH PAD OPENING,PASSIVATION ETCH,STRIP RESIST,DEVELOP PAD WINDOW,STRIP PHOTORESIST
valid_0073,MEASURE VIA CD,DEPOSIT BARRIER METAL,IMPLANT SOURCE REGION,MEASURE SURFACE UNIFORMITY,CLEAN AFTER VIA ETCH
valid_0074,STRIP PHOTORESIST,STRIP RESIST,STRIP RESIST LEVEL 2,PASSIVATION ETCH PAD OPENING,PASSIVATION ETCH
valid_0075,MEASURE VIA CD,DEPOSIT BARRIER METAL,DEPOSIT METAL SEED,IMPLANT SOURCE REGION,MEASURE SURFACE UNIFORMITY
valid_0076,PASSIVATION ETCH PAD OPENING,PASSIVATION ETCH,DEVELOP PAD WINDOW,STRIP RESIST,STRIP PHOTORESIST
valid_0077,CLEAN AFTER VIA ETCH,CLEAN AFTER FIELD ETCH,CLEAN AFTER POLY ETCH,CLEAN AFTER METAL ETCH,STRIP RESIST
valid_0078,STRIP PHOTORESIST,STRIP RESIST,STRIP RESIST LEVEL 2,PASSIVATION ETCH PAD OPENING,PASSIVATION ETCH
valid_0079,MEASURE VIA CD,DEPOSIT BARRIER METAL,MEASURE SURFACE UNIFORMITY,IMPLANT SOURCE REGION,MEASURE LINE WIDTH
valid_0080,STRIP RESIST,STRIP PHOTORESIST,STRIP RESIST LEVEL 2,PASSIVATION ETCH PAD OPENING,PASSIVATION ETCH
valid_0081,DEPOSIT BARRIER METAL,MEASURE VIA CD,DEPOSIT METAL SEED,IMPLANT SOURCE REGION,DEPOSIT PASSIVATION LAYER
valid_0082,STRIP RESIST,STRIP PHOTORESIST,STRIP RESIST LEVEL 2,PASSIVATION ETCH PAD OPENING,PASSIVATION ETCH
valid_0083,STRIP PHOTORESIST,STRIP RESIST,STRIP RESIST LEVEL 2,VIA ETCH,DIELECTRIC ETCH VIA
valid_0084,PASSIVATION ETCH,PASSIVATION ETCH PAD OPENING,DEVELOP PAD WINDOW,STRIP RESIST,DEVELOP PHOTORESIST
valid_0085,MEASURE VIA CD,DEPOSIT BARRIER METAL,IMPLANT SOURCE REGION,DEPOSIT METAL SEED,MEASURE SURFACE UNIFORMITY
valid_0086,CLEAN PAD OPENING,STRIP RESIST,STRIP PHOTORESIST,CLEAN AFTER METAL ETCH,MEASURE PAD OPENING
valid_0087,HARD BAKE,VIA ETCH,VIA ETCH THROUGH DIELECTRIC,DIELECTRIC ETCH VIA,METAL ETCH
valid_0088,PAD WINDOW LITHO,OPEN PAD WINDOW LITHO,OPEN BOND PAD WINDOW,OPEN PAD WINDOW,DEVELOP PAD WINDOW
valid_0089,CLEAN AFTER VIA ETCH,CLEAN AFTER FIELD ETCH,CLEAN AFTER POLY ETCH,DEPOSIT BARRIER METAL,STRIP RESIST
valid_0090,STRIP RESIST,STRIP PHOTORESIST,STRIP RESIST LEVEL 2,PASSIVATION ETCH,PASSIVATION ETCH PAD OPENING
valid_0091,MEASURE VIA CD,DEPOSIT BARRIER METAL,DEPOSIT METAL SEED,MEASURE LINE WIDTH,IMPLANT SOURCE REGION
valid_0092,DEVELOP PHOTORESIST,DEVELOP PAD WINDOW,POST EXPOSE BAKE,PAD WINDOW LITHO,OPEN PAD WINDOW LITHO
valid_0093,STRIP PHOTORESIST,STRIP RESIST,STRIP RESIST LEVEL 2,VIA ETCH,DIELECTRIC ETCH VIA
valid_0094,STRIP RESIST,STRIP PHOTORESIST,STRIP RESIST LEVEL 2,PASSIVATION ETCH PAD OPENING,PASSIVATION ETCH
valid_0095,MEASURE VIA CD,DEPOSIT BARRIER METAL,DEPOSIT METAL SEED,MEASURE LINE WIDTH,MEASURE SURFACE UNIFORMITY
valid_0096,STRIP PHOTORESIST,STRIP RESIST,STRIP RESIST LEVEL 2,PASSIVATION ETCH PAD OPENING,PASSIVATION ETCH
valid_0097,CLEAN AFTER VIA ETCH,CLEAN AFTER POLY ETCH,CLEAN AFTER METAL ETCH,STRIP RESIST,CLEAN AFTER FIELD ETCH
valid_0098,PASSIVATION ETCH PAD OPENING,PASSIVATION ETCH,DEVELOP PAD WINDOW,STRIP RESIST,STRIP PHOTORESIST
valid_0099,FILL VIA METAL,CMP VIA FILL,DEPOSIT METAL SEED,CMP METAL,FILL VIA TUNGSTEN
valid_0100,CLEAN PAD OPENING,STRIP RESIST,STRIP PHOTORESIST,MEASURE PAD OPENING,CLEAN AFTER METAL ETCH
valid_0101,CLEAN AFTER VIA ETCH,CLEAN AFTER FIELD ETCH,STRIP RESIST,CLEAN AFTER METAL ETCH,DEPOSIT BARRIER METAL
valid_0102,STRIP PHOTORESIST,STRIP RESIST,STRIP RESIST LEVEL 2,PASSIVATION ETCH PAD OPENING,PASSIVATION ETCH
valid_0103,DEPOSIT BARRIER METAL,MEASURE VIA CD,DEPOSIT METAL SEED,IMPLANT SOURCE REGION,DEPOSIT PASSIVATION LAYER
valid_0104,PASSIVATION ETCH,PASSIVATION ETCH PAD OPENING,DEVELOP PAD WINDOW,STRIP RESIST,VIA OPENING INSPECTION
valid_0105,DEPOSIT BARRIER METAL,MEASURE VIA CD,DEPOSIT METAL SEED,IMPLANT SOURCE REGION,DEPOSIT PASSIVATION LAYER
valid_0106,STRIP PHOTORESIST,STRIP RESIST,STRIP RESIST LEVEL 2,PASSIVATION ETCH PAD OPENING,PASSIVATION ETCH
valid_0107,DEPOSIT METAL SEED,DEPOSIT TUNGSTEN SEED,DEPOSIT BARRIER METAL,FILL VIA METAL,DEPOSIT PASSIVATION
valid_0108,PASSIVATION ETCH PAD OPENING,PASSIVATION ETCH,DEVELOP PAD WINDOW,STRIP RESIST,STRIP PHOTORESIST
valid_0109,CLEAN AFTER VIA ETCH,CLEAN AFTER POLY ETCH,CLEAN AFTER METAL ETCH,CLEAN AFTER FIELD ETCH,STRIP RESIST
valid_0110,DEVELOP PAD WINDOW,DEVELOP PHOTORESIST,POST EXPOSE BAKE,PAD WINDOW LITHO,OPEN PAD WINDOW LITHO
valid_0111,CLEAN AFTER VIA ETCH,CLEAN AFTER FIELD ETCH,CLEAN AFTER METAL ETCH,CLEAN AFTER POLY ETCH,STRIP RESIST
valid_0112,STRIP PHOTORESIST,STRIP RESIST,STRIP RESIST LEVEL 2,PASSIVATION ETCH PAD OPENING,PASSIVATION ETCH
valid_0113,MEASURE VIA CD,DEPOSIT BARRIER METAL,IMPLANT SOURCE REGION,MEASURE SURFACE UNIFORMITY,CLEAN AFTER VIA ETCH
valid_0114,CLEAN PAD OPENING,STRIP RESIST,STRIP PHOTORESIST,MEASURE PAD OPENING,CLEAN AFTER METAL ETCH
valid_0115,MEASURE VIA CD,DEPOSIT BARRIER METAL,DEPOSIT METAL SEED,IMPLANT SOURCE REGION,MEASURE SURFACE UNIFORMITY
valid_0116,STRIP RESIST,STRIP PHOTORESIST,STRIP RESIST LEVEL 2,PASSIVATION ETCH,PASSIVATION ETCH PAD OPENING
valid_0117,CLEAN AFTER VIA ETCH,CLEAN AFTER FIELD ETCH,CLEAN AFTER POLY ETCH,DEPOSIT BARRIER METAL,MEASURE VIA CD
valid_0118,PASSIVATION ETCH PAD OPENING,PASSIVATION ETCH,DEVELOP PAD WINDOW,STRIP RESIST,STRIP PHOTORESIST
valid_0119,DEPOSIT BARRIER METAL,MEASURE VIA CD,DEPOSIT METAL SEED,IMPLANT SOURCE REGION,DEPOSIT PASSIVATION LAYER
valid_0120,CLEAN PAD OPENING,STRIP RESIST,STRIP PHOTORESIST,MEASURE PAD OPENING,CLEAN AFTER METAL ETCH
valid_0121,MEASURE VIA CD,DEPOSIT BARRIER METAL,DEPOSIT METAL SEED,MEASURE SURFACE UNIFORMITY,IMPLANT SOURCE REGION
valid_0122,PASSIVATION ETCH PAD OPENING,PASSIVATION ETCH,DEVELOP PAD WINDOW,STRIP RESIST,STRIP PHOTORESIST
valid_0123,FILL VIA METAL,CMP VIA FILL,CMP METAL,DEPOSIT METAL SEED,FILL VIA TUNGSTEN
valid_0124,CLEAN PAD OPENING,STRIP RESIST,MEASURE PAD OPENING,STRIP PHOTORESIST,CLEAN AFTER METAL ETCH
valid_0125,MEASURE VIA CD,DEPOSIT BARRIER METAL,MEASURE SURFACE UNIFORMITY,IMPLANT SOURCE REGION,DEPOSIT METAL SEED
valid_0126,STRIP RESIST,STRIP PHOTORESIST,STRIP RESIST LEVEL 2,PASSIVATION ETCH PAD OPENING,PASSIVATION ETCH
valid_0127,CLEAN AFTER VIA ETCH,CLEAN AFTER POLY ETCH,CLEAN AFTER FIELD ETCH,DEPOSIT BARRIER METAL,STRIP RESIST
valid_0128,STRIP PHOTORESIST,STRIP RESIST,STRIP RESIST LEVEL 2,PASSIVATION ETCH PAD OPENING,PASSIVATION ETCH
valid_0129,HARD BAKE,VIA ETCH THROUGH DIELECTRIC,DIELECTRIC ETCH VIA,VIA ETCH,FIELD OXIDE ETCH
valid_0130,DEVELOP PAD WINDOW,DEVELOP PHOTORESIST,POST EXPOSE BAKE,PAD WINDOW LITHO,OPEN PAD WINDOW LITHO
valid_0131,DEPOSIT METAL SEED,DEPOSIT TUNGSTEN SEED,DEPOSIT BARRIER METAL,FILL VIA METAL,MEASURE VIA CD
valid_0132,CLEAN PAD OPENING,STRIP RESIST,STRIP PHOTORESIST,MEASURE PAD OPENING,CLEAN AFTER METAL ETCH
valid_0133,DEPOSIT METAL SEED,DEPOSIT TUNGSTEN SEED,DEPOSIT BARRIER METAL,FILL VIA METAL,DEPOSIT PASSIVATION
valid_0134,CLEAN PAD OPENING,STRIP RESIST,MEASURE PAD OPENING,STRIP PHOTORESIST,CLEAN AFTER METAL ETCH
valid_0135,DEPOSIT METAL SEED,DEPOSIT TUNGSTEN SEED,DEPOSIT BARRIER METAL,FILL VIA METAL,DEPOSIT PASSIVATION
valid_0136,CLEAN PAD OPENING,STRIP RESIST,STRIP PHOTORESIST,CLEAN AFTER METAL ETCH,MEASURE PAD OPENING
valid_0137,MEASURE VIA CD,DEPOSIT BARRIER METAL,DEPOSIT METAL SEED,MEASURE LINE WIDTH,MEASURE SURFACE UNIFORMITY
valid_0138,PASSIVATION ETCH PAD OPENING,PASSIVATION ETCH,DEVELOP PAD WINDOW,STRIP RESIST,STRIP PHOTORESIST
valid_0139,CLEAN AFTER VIA ETCH,CLEAN AFTER FIELD ETCH,CLEAN AFTER POLY ETCH,DEPOSIT BARRIER METAL,STRIP RESIST
valid_0140,STRIP RESIST,STRIP PHOTORESIST,STRIP RESIST LEVEL 2,PASSIVATION ETCH,PASSIVATION ETCH PAD OPENING
valid_0141,DEPOSIT BARRIER METAL,MEASURE VIA CD,DEPOSIT METAL SEED,IMPLANT SOURCE REGION,DEPOSIT PASSIVATION LAYER
valid_0142,STRIP PHOTORESIST,STRIP RESIST,STRIP RESIST LEVEL 2,PASSIVATION ETCH PAD OPENING,PASSIVATION ETCH
valid_0143,DEPOSIT METAL SEED,DEPOSIT TUNGSTEN SEED,DEPOSIT BARRIER METAL,FILL VIA METAL,DEPOSIT PASSIVATION
valid_0144,PASSIVATION ETCH,PASSIVATION ETCH PAD OPENING,DEVELOP PAD WINDOW,STRIP RESIST,VIA OPENING INSPECTION
valid_0145,MEASURE VIA CD,DEPOSIT BARRIER METAL,IMPLANT SOURCE REGION,MEASURE SURFACE UNIFORMITY,MEASURE LINE WIDTH
valid_0146,PASSIVATION ETCH PAD OPENING,PASSIVATION ETCH,DEVELOP PAD WINDOW,STRIP RESIST,VIA OPENING INSPECTION
valid_0147,MEASURE VIA CD,DEPOSIT BARRIER METAL,DEPOSIT METAL SEED,MEASURE LINE WIDTH,IMPLANT SOURCE REGION
valid_0148,STRIP PHOTORESIST,STRIP RESIST,STRIP RESIST LEVEL 2,PASSIVATION ETCH PAD OPENING,PASSIVATION ETCH
valid_0149,MEASURE VIA CD,DEPOSIT BARRIER METAL,DEPOSIT METAL SEED,MEASURE LINE WIDTH,IMPLANT SOURCE REGION
valid_0150,STRIP PHOTORESIST,STRIP RESIST,STRIP RESIST LEVEL 2,PASSIVATION ETCH PAD OPENING,PASSIVATION ETCH
valid_0151,MEASURE VIA CD,DEPOSIT BARRIER METAL,DEPOSIT METAL SEED,MEASURE LINE WIDTH,MEASURE SURFACE UNIFORMITY
valid_0152,DEVELOP PAD WINDOW,DEVELOP PHOTORESIST,POST EXPOSE BAKE,PAD WINDOW LITHO,OPEN PAD WINDOW LITHO
valid_0153,MEASURE VIA CD,DEPOSIT BARRIER METAL,DEPOSIT METAL SEED,IMPLANT SOURCE REGION,MEASURE SURFACE UNIFORMITY
valid_0154,DEVELOP PHOTORESIST,DEVELOP PAD WINDOW,POST EXPOSE BAKE,PAD WINDOW LITHO,PASSIVATION ETCH PAD OPENING
valid_0155,CLEAN AFTER VIA ETCH,CLEAN AFTER POLY ETCH,CLEAN AFTER FIELD ETCH,CLEAN AFTER METAL ETCH,STRIP RESIST
valid_0156,STRIP PHOTORESIST,STRIP RESIST,STRIP RESIST LEVEL 2,PASSIVATION ETCH PAD OPENING,PASSIVATION ETCH
valid_0157,DEPOSIT BARRIER METAL,MEASURE VIA CD,DEPOSIT METAL SEED,IMPLANT SOURCE REGION,DEPOSIT PASSIVATION LAYER
valid_0158,PASSIVATION ETCH PAD OPENING,PASSIVATION ETCH,DEVELOP PAD WINDOW,STRIP RESIST,STRIP PHOTORESIST
valid_0159,MEASURE VIA CD,DEPOSIT BARRIER METAL,IMPLANT SOURCE REGION,MEASURE SURFACE UNIFORMITY,MEASURE LINE WIDTH
valid_0160,STRIP PHOTORESIST,STRIP RESIST,STRIP RESIST LEVEL 2,PASSIVATION ETCH PAD OPENING,PASSIVATION ETCH
valid_0161,STRIP PHOTORESIST,STRIP RESIST,STRIP RESIST LEVEL 2,VIA ETCH,HARD BAKE
valid_0162,DEVELOP PHOTORESIST,DEVELOP PAD WINDOW,POST EXPOSE BAKE,PAD WINDOW LITHO,OPEN PAD WINDOW LITHO
valid_0163,MEASURE VIA CD,DEPOSIT BARRIER METAL,DEPOSIT METAL SEED,IMPLANT SOURCE REGION,MEASURE SURFACE UNIFORMITY
valid_0164,STRIP PHOTORESIST,STRIP RESIST,STRIP RESIST LEVEL 2,PASSIVATION ETCH PAD OPENING,PASSIVATION ETCH
valid_0165,MEASURE VIA CD,DEPOSIT BARRIER METAL,IMPLANT SOURCE REGION,MEASURE SURFACE UNIFORMITY,MEASURE LINE WIDTH
valid_0166,STRIP RESIST,STRIP PHOTORESIST,STRIP RESIST LEVEL 2,PASSIVATION ETCH PAD OPENING,PASSIVATION ETCH
valid_0167,DEPOSIT BARRIER METAL,MEASURE VIA CD,DEPOSIT METAL SEED,IMPLANT SOURCE REGION,DEPOSIT PASSIVATION LAYER
valid_0168,CLEAN PAD OPENING,STRIP RESIST,STRIP PHOTORESIST,MEASURE PAD OPENING,CLEAN AFTER METAL ETCH
valid_0169,STRIP PHOTORESIST,STRIP RESIST,STRIP RESIST LEVEL 2,VIA ETCH,HARD BAKE
valid_0170,STRIP PHOTORESIST,STRIP RESIST,STRIP RESIST LEVEL 2,PASSIVATION ETCH PAD OPENING,PASSIVATION ETCH
valid_0171,DEPOSIT METAL SEED,DEPOSIT TUNGSTEN SEED,DEPOSIT BARRIER METAL,FILL VIA METAL,DEPOSIT PASSIVATION
valid_0172,STRIP PHOTORESIST,STRIP RESIST,STRIP RESIST LEVEL 2,PASSIVATION ETCH,PASSIVATION ETCH PAD OPENING
valid_0173,MEASURE VIA CD,DEPOSIT BARRIER METAL,MEASURE SURFACE UNIFORMITY,IMPLANT SOURCE REGION,DEPOSIT METAL SEED
valid_0174,PASSIVATION ETCH,PASSIVATION ETCH PAD OPENING,DEVELOP PAD WINDOW,STRIP RESIST,VIA OPENING INSPECTION
valid_0175,MEASURE VIA CD,DEPOSIT BARRIER METAL,DEPOSIT METAL SEED,MEASURE LINE WIDTH,IMPLANT SOURCE REGION
valid_0176,STRIP PHOTORESIST,STRIP RESIST,STRIP RESIST LEVEL 2,PASSIVATION ETCH PAD OPENING,PASSIVATION ETCH
valid_0177,DEPOSIT METAL SEED,DEPOSIT TUNGSTEN SEED,DEPOSIT BARRIER METAL,FILL VIA METAL,DEPOSIT PASSIVATION
valid_0178,STRIP RESIST,STRIP PHOTORESIST,STRIP RESIST LEVEL 2,PASSIVATION ETCH PAD OPENING,PASSIVATION ETCH
valid_0179,FILL VIA METAL,DEPOSIT METAL SEED,CMP VIA FILL,CMP METAL,FILL VIA TUNGSTEN
valid_0180,MEASURE PAD OPENING,BACKSIDE CLEAN,CLEAN PAD OPENING,STRIP RESIST,STRIP PHOTORESIST
valid_0181,STRIP PHOTORESIST,STRIP RESIST,STRIP RESIST LEVEL 2,VIA ETCH,DIELECTRIC ETCH VIA
valid_0182,DEVELOP PAD WINDOW,DEVELOP PHOTORESIST,POST EXPOSE BAKE,PAD WINDOW LITHO,OPEN PAD WINDOW LITHO
valid_0183,DEPOSIT BARRIER METAL,MEASURE VIA CD,DEPOSIT METAL SEED,IMPLANT SOURCE REGION,DEPOSIT PASSIVATION LAYER
valid_0184,STRIP PHOTORESIST,STRIP RESIST,STRIP RESIST LEVEL 2,PASSIVATION ETCH PAD OPENING,PASSIVATION ETCH
valid_0185,DEPOSIT BARRIER METAL,MEASURE VIA CD,DEPOSIT METAL SEED,IMPLANT SOURCE REGION,DEPOSIT PASSIVATION LAYER
valid_0186,STRIP RESIST,STRIP PHOTORESIST,STRIP RESIST LEVEL 2,PASSIVATION ETCH PAD OPENING,PASSIVATION ETCH
valid_0187,STRIP PHOTORESIST,STRIP RESIST,STRIP RESIST LEVEL 2,VIA ETCH,DIELECTRIC ETCH VIA
valid_0188,STRIP RESIST,STRIP PHOTORESIST,STRIP RESIST LEVEL 2,PASSIVATION ETCH PAD OPENING,PASSIVATION ETCH
valid_0189,MEASURE VIA CD,DEPOSIT BARRIER METAL,IMPLANT SOURCE REGION,MEASURE SURFACE UNIFORMITY,DEPOSIT METAL SEED
valid_0190,PASSIVATION ETCH PAD OPENING,PASSIVATION ETCH,DEVELOP PAD WINDOW,STRIP RESIST,STRIP PHOTORESIST
valid_0191,VIA ETCH THROUGH DIELECTRIC,DIELECTRIC ETCH VIA,VIA ETCH,HARD BAKE,METAL ETCH
valid_0192,STRIP PHOTORESIST,STRIP RESIST,STRIP RESIST LEVEL 2,PASSIVATION ETCH PAD OPENING,PASSIVATION ETCH
valid_0193,CLEAN AFTER VIA ETCH,CLEAN AFTER POLY ETCH,CLEAN AFTER FIELD ETCH,CLEAN AFTER METAL ETCH,DEPOSIT BARRIER METAL
valid_0194,PASSIVATION ETCH,PASSIVATION ETCH PAD OPENING,DEVELOP PAD WINDOW,STRIP RESIST,VIA OPENING INSPECTION
valid_0195,MEASURE VIA CD,DEPOSIT BARRIER METAL,DEPOSIT METAL SEED,MEASURE LINE WIDTH,MEASURE SURFACE UNIFORMITY
valid_0196,CLEAN PAD OPENING,STRIP RESIST,STRIP PHOTORESIST,MEASURE PAD OPENING,CLEAN AFTER METAL ETCH
valid_0197,STRIP RESIST,STRIP PHOTORESIST,STRIP RESIST LEVEL 2,VIA ETCH,HARD BAKE
valid_0198,STRIP RESIST,STRIP PHOTORESIST,STRIP RESIST LEVEL 2,PASSIVATION ETCH PAD OPENING,PASSIVATION ETCH
valid_0199,MEASURE VIA CD,DEPOSIT BARRIER METAL,IMPLANT SOURCE REGION,MEASURE SURFACE UNIFORMITY,DEPOSIT METAL SEED
valid_0200,STRIP RESIST,STRIP PHOTORESIST,STRIP RESIST LEVEL 2,PASSIVATION ETCH PAD OPENING,PASSIVATION ETCH
valid_0201,CMP INTERLAYER DIELECTRIC,CMP DIELECTRIC,MEASURE SURFACE PLANARITY,MEASURE PLANARITY,MEASURE DIELECTRIC THICKNESS
valid_0202,DEPOSIT PASSIVATION LAYER,DEPOSIT PASSIVATION,MEASURE LINE WIDTH,MEASURE PASSIVATION QUALITY,MEASURE PASSIVATION THICKNESS
valid_0203,SPIN COAT PHOTORESIST,MEASURE METAL THICKNESS,MEASURE POLY THICKNESS,MEASURE FILM THICKNESS,MEASURE PLANARITY
valid_0204,DEPOSIT PASSIVATION LAYER,DEPOSIT PASSIVATION,MEASURE LINE WIDTH,MEASURE PASSIVATION QUALITY,MEASURE PASSIVATION THICKNESS
valid_0205,SPIN COAT PHOTORESIST,MEASURE METAL THICKNESS,MEASURE POLY THICKNESS,MEASURE FILM THICKNESS,MEASURE PLANARITY
valid_0206,CURE PASSIVATION,DEPOSIT PASSIVATION,DEPOSIT PASSIVATION LAYER,MEASURE PASSIVATION QUALITY,MEASURE PASSIVATION THICKNESS
valid_0207,CMP INTERLAYER DIELECTRIC,CMP DIELECTRIC,MEASURE SURFACE PLANARITY,MEASURE PLANARITY,MEASURE DIELECTRIC THICKNESS
valid_0208,DEPOSIT PASSIVATION,DEPOSIT PASSIVATION LAYER,MEASURE LINE WIDTH,MEASURE PASSIVATION QUALITY,MEASURE PASSIVATION THICKNESS
valid_0209,CMP DIELECTRIC,CMP INTERLAYER DIELECTRIC,MEASURE SURFACE PLANARITY,MEASURE PLANARITY,MEASURE DIELECTRIC THICKNESS
valid_0210,DEPOSIT PASSIVATION,DEPOSIT PASSIVATION LAYER,MEASURE LINE WIDTH,MEASURE PASSIVATION QUALITY,MEASURE PASSIVATION THICKNESS
valid_0211,MEASURE SURFACE PLANARITY,MEASURE PLANARITY,SPIN COAT PHOTORESIST,CMP INTERLAYER DIELECTRIC,CMP DIELECTRIC
valid_0212,DEPOSIT PASSIVATION LAYER,DEPOSIT PASSIVATION,MEASURE LINE WIDTH,MEASURE PASSIVATION QUALITY,MEASURE PASSIVATION THICKNESS
valid_0213,SPIN COAT PHOTORESIST,MEASURE METAL THICKNESS,MEASURE POLY THICKNESS,MEASURE FILM THICKNESS,MEASURE PLANARITY
valid_0214,CURE PASSIVATION,DEPOSIT PASSIVATION,DEPOSIT PASSIVATION LAYER,MEASURE PASSIVATION QUALITY,MEASURE PASSIVATION THICKNESS
valid_0215,MEASURE PLANARITY,MEASURE SURFACE PLANARITY,CMP INTERLAYER DIELECTRIC,CMP DIELECTRIC,SPIN COAT PHOTORESIST
valid_0216,MEASURE PASSIVATION THICKNESS,MEASURE PASSIVATION QUALITY,OPEN PAD WINDOW,OPEN BOND PAD WINDOW,DEPOSIT PASSIVATION
valid_0217,CMP INTERLAYER DIELECTRIC,CMP DIELECTRIC,MEASURE SURFACE PLANARITY,MEASURE PLANARITY,MEASURE DIELECTRIC THICKNESS
valid_0218,MEASURE LINE WIDTH,DEPOSIT PASSIVATION,DEPOSIT PASSIVATION LAYER,DEPOSIT BARRIER METAL,MEASURE SURFACE UNIFORMITY
valid_0219,SOFT BAKE,ALIGN MASK LEVEL 5,SPIN COAT PHOTORESIST,HF DIP,CURE PASSIVATION
valid_0220,MEASURE PASSIVATION QUALITY,MEASURE PASSIVATION THICKNESS,OPEN PAD WINDOW,OPEN BOND PAD WINDOW,DEPOSIT PASSIVATION
valid_0221,MEASURE SURFACE PLANARITY,MEASURE PLANARITY,SPIN COAT PHOTORESIST,CMP INTERLAYER DIELECTRIC,CMP DIELECTRIC
valid_0222,MEASURE PASSIVATION QUALITY,MEASURE PASSIVATION THICKNESS,OPEN PAD WINDOW,OPEN BOND PAD WINDOW,DEPOSIT PASSIVATION
valid_0223,MEASURE PLANARITY,MEASURE SURFACE PLANARITY,CMP INTERLAYER DIELECTRIC,CMP DIELECTRIC,SPIN COAT PHOTORESIST
valid_0224,CURE PASSIVATION,DEPOSIT PASSIVATION,DEPOSIT PASSIVATION LAYER,MEASURE PASSIVATION QUALITY,MEASURE PASSIVATION THICKNESS
valid_0225,SPIN COAT PHOTORESIST,MEASURE POLY THICKNESS,MEASURE METAL THICKNESS,MEASURE FILM THICKNESS,MEASURE PLANARITY
valid_0226,CURE PASSIVATION,DEPOSIT PASSIVATION,DEPOSIT PASSIVATION LAYER,MEASURE PASSIVATION QUALITY,MEASURE PASSIVATION THICKNESS
valid_0227,MEASURE DIELECTRIC THICKNESS,MEASURE FILM THICKNESS,MEASURE OXIDE THICKNESS,SPIN COAT PHOTORESIST,CMP INTERLAYER DIELECTRIC
valid_0228,DEPOSIT PASSIVATION LAYER,DEPOSIT PASSIVATION,MEASURE LINE WIDTH,MEASURE PASSIVATION QUALITY,MEASURE PASSIVATION THICKNESS
valid_0229,SPIN COAT PHOTORESIST,MEASURE POLY THICKNESS,MEASURE METAL THICKNESS,MEASURE FILM THICKNESS,MEASURE PLANARITY
valid_0230,CURE PASSIVATION,DEPOSIT PASSIVATION,DEPOSIT PASSIVATION LAYER,MEASURE PASSIVATION QUALITY,MEASURE PASSIVATION THICKNESS
valid_0231,DENSIFY OXIDE,DENSIFY DIELECTRIC,DEPOSIT INTERLAYER DIELECTRIC,DEPOSIT INTERLEVEL DIELECTRIC,MEASURE FILM THICKNESS
valid_0232,MEASURE LINE WIDTH,DEPOSIT PASSIVATION,DEPOSIT PASSIVATION LAYER,DEPOSIT BARRIER METAL,MEASURE SURFACE UNIFORMITY
valid_0233,SOFT BAKE,ALIGN MASK LEVEL 5,SPIN COAT PHOTORESIST,HF DIP,MEASURE SURFACE PLANARITY
valid_0234,CURE PASSIVATION,DEPOSIT PASSIVATION,DEPOSIT PASSIVATION LAYER,MEASURE PASSIVATION QUALITY,MEASURE PASSIVATION THICKNESS
valid_0235,CMP INTERLAYER DIELECTRIC,CMP DIELECTRIC,MEASURE SURFACE PLANARITY,MEASURE PLANARITY,MEASURE DIELECTRIC THICKNESS
valid_0236,MEASURE LINE WIDTH,DEPOSIT PASSIVATION,DEPOSIT PASSIVATION LAYER,DEPOSIT BARRIER METAL,MEASURE SURFACE UNIFORMITY
valid_0237,SPIN COAT PHOTORESIST,MEASURE METAL THICKNESS,MEASURE POLY THICKNESS,MEASURE FILM THICKNESS,MEASURE PLANARITY
valid_0238,CURE PASSIVATION,DEPOSIT PASSIVATION,DEPOSIT PASSIVATION LAYER,MEASURE PASSIVATION QUALITY,MEASURE PASSIVATION THICKNESS
valid_0239,MEASURE SURFACE PLANARITY,MEASURE PLANARITY,SPIN COAT PHOTORESIST,CMP INTERLAYER DIELECTRIC,CMP DIELECTRIC
valid_0240,CURE PASSIVATION,DEPOSIT PASSIVATION,MEASURE PASSIVATION QUALITY,DEPOSIT PASSIVATION LAYER,MEASURE PASSIVATION THICKNESS
valid_0241,MEASURE DIELECTRIC THICKNESS,MEASURE FILM THICKNESS,MEASURE OXIDE THICKNESS,SPIN COAT PHOTORESIST,CMP INTERLAYER DIELECTRIC
valid_0242,CURE PASSIVATION,DEPOSIT PASSIVATION,DEPOSIT PASSIVATION LAYER,MEASURE PASSIVATION QUALITY,MEASURE PASSIVATION THICKNESS
valid_0243,CMP DIELECTRIC,CMP INTERLAYER DIELECTRIC,MEASURE SURFACE PLANARITY,MEASURE DIELECTRIC THICKNESS,MEASURE PLANARITY
valid_0244,MEASURE LINE WIDTH,DEPOSIT PASSIVATION LAYER,DEPOSIT PASSIVATION,DEPOSIT BARRIER METAL,MEASURE SURFACE UNIFORMITY
valid_0245,SPIN COAT PHOTORESIST,MEASURE METAL THICKNESS,MEASURE POLY THICKNESS,MEASURE FILM THICKNESS,MEASURE PLANARITY
valid_0246,MEASURE PASSIVATION QUALITY,MEASURE PASSIVATION THICKNESS,OPEN PAD WINDOW,OPEN BOND PAD WINDOW,DEPOSIT PASSIVATION
valid_0247,SPIN COAT PHOTORESIST,MEASURE METAL THICKNESS,MEASURE POLY THICKNESS,MEASURE FILM THICKNESS,MEASURE PLANARITY
valid_0248,CURE PASSIVATION,MEASURE PASSIVATION QUALITY,DEPOSIT PASSIVATION,DEPOSIT PASSIVATION LAYER,MEASURE PASSIVATION THICKNESS
valid_0249,SOFT BAKE,ALIGN MASK LEVEL 5,SPIN COAT PHOTORESIST,HF DIP,CURE PASSIVATION
valid_0250,CURE PASSIVATION,DEPOSIT PASSIVATION,DEPOSIT PASSIVATION LAYER,MEASURE PASSIVATION QUALITY,MEASURE PASSIVATION THICKNESS
valid_0251,MEASURE SURFACE PLANARITY,MEASURE PLANARITY,CMP INTERLAYER DIELECTRIC,SPIN COAT PHOTORESIST,CMP DIELECTRIC
valid_0252,MEASURE PASSIVATION THICKNESS,MEASURE PASSIVATION QUALITY,OPEN PAD WINDOW,OPEN BOND PAD WINDOW,DEPOSIT PASSIVATION
valid_0253,SPIN COAT PHOTORESIST,MEASURE METAL THICKNESS,MEASURE POLY THICKNESS,MEASURE FILM THICKNESS,MEASURE PLANARITY
valid_0254,MEASURE PASSIVATION THICKNESS,MEASURE PASSIVATION QUALITY,OPEN PAD WINDOW,OPEN BOND PAD WINDOW,DEPOSIT PASSIVATION
valid_0255,MEASURE PLANARITY,MEASURE SURFACE PLANARITY,SPIN COAT PHOTORESIST,CMP INTERLAYER DIELECTRIC,CMP DIELECTRIC
valid_0256,MEASURE PASSIVATION QUALITY,MEASURE PASSIVATION THICKNESS,OPEN PAD WINDOW,OPEN BOND PAD WINDOW,DEPOSIT PASSIVATION
valid_0257,SPIN COAT PHOTORESIST,MEASURE METAL THICKNESS,MEASURE POLY THICKNESS,MEASURE FILM THICKNESS,MEASURE PLANARITY
valid_0258,CURE PASSIVATION,DEPOSIT PASSIVATION,DEPOSIT PASSIVATION LAYER,MEASURE PASSIVATION QUALITY,MEASURE PASSIVATION THICKNESS
valid_0259,MEASURE SURFACE PLANARITY,MEASURE PLANARITY,CMP INTERLAYER DIELECTRIC,SPIN COAT PHOTORESIST,CMP DIELECTRIC
valid_0260,CURE PASSIVATION,DEPOSIT PASSIVATION,DEPOSIT PASSIVATION LAYER,MEASURE PASSIVATION QUALITY,MEASURE PASSIVATION THICKNESS
valid_0261,MEASURE PLANARITY,MEASURE SURFACE PLANARITY,CMP INTERLAYER DIELECTRIC,CMP DIELECTRIC,SPIN COAT PHOTORESIST
valid_0262,CURE PASSIVATION,DEPOSIT PASSIVATION,DEPOSIT PASSIVATION LAYER,MEASURE PASSIVATION QUALITY,MEASURE PASSIVATION THICKNESS
valid_0263,CMP INTERLAYER DIELECTRIC,CMP DIELECTRIC,MEASURE SURFACE PLANARITY,MEASURE PLANARITY,MEASURE DIELECTRIC THICKNESS
valid_0264,CURE PASSIVATION,DEPOSIT PASSIVATION,DEPOSIT PASSIVATION LAYER,MEASURE PASSIVATION QUALITY,MEASURE LINE WIDTH
valid_0265,MEASURE FILM THICKNESS,MEASURE DIELECTRIC THICKNESS,MEASURE OXIDE THICKNESS,SPIN COAT PHOTORESIST,CMP INTERLAYER DIELECTRIC
valid_0266,CURE PASSIVATION,DEPOSIT PASSIVATION,DEPOSIT PASSIVATION LAYER,MEASURE PASSIVATION QUALITY,MEASURE PASSIVATION THICKNESS
valid_0267,SOFT BAKE,ALIGN MASK LEVEL 5,SPIN COAT PHOTORESIST,HF DIP,CURE PASSIVATION
valid_0268,CURE PASSIVATION,DEPOSIT PASSIVATION,DEPOSIT PASSIVATION LAYER,MEASURE PASSIVATION QUALITY,MEASURE PASSIVATION THICKNESS
valid_0269,SPIN COAT PHOTORESIST,MEASURE POLY THICKNESS,MEASURE METAL THICKNESS,MEASURE FILM THICKNESS,MEASURE PLANARITY
valid_0270,MEASURE PASSIVATION THICKNESS,MEASURE PASSIVATION QUALITY,OPEN PAD WINDOW,OPEN BOND PAD WINDOW,DEPOSIT PASSIVATION
valid_0271,MEASURE SURFACE PLANARITY,MEASURE PLANARITY,SPIN COAT PHOTORESIST,CMP INTERLAYER DIELECTRIC,CMP DIELECTRIC
valid_0272,CURE PASSIVATION,MEASURE PASSIVATION QUALITY,DEPOSIT PASSIVATION,DEPOSIT PASSIVATION LAYER,MEASURE PASSIVATION THICKNESS
valid_0273,MEASURE DIELECTRIC THICKNESS,MEASURE FILM THICKNESS,MEASURE OXIDE THICKNESS,SPIN COAT PHOTORESIST,CMP INTERLAYER DIELECTRIC
valid_0274,DEPOSIT PASSIVATION LAYER,DEPOSIT PASSIVATION,MEASURE LINE WIDTH,MEASURE PASSIVATION QUALITY,MEASURE PASSIVATION THICKNESS
valid_0275,SPIN COAT PHOTORESIST,MEASURE METAL THICKNESS,MEASURE POLY THICKNESS,MEASURE FILM THICKNESS,MEASURE PLANARITY
valid_0276,CURE PASSIVATION,DEPOSIT PASSIVATION,DEPOSIT PASSIVATION LAYER,MEASURE PASSIVATION QUALITY,MEASURE PASSIVATION THICKNESS
valid_0277,SPIN COAT PHOTORESIST,MEASURE METAL THICKNESS,MEASURE POLY THICKNESS,MEASURE FILM THICKNESS,MEASURE PLANARITY
valid_0278,MEASURE PASSIVATION QUALITY,MEASURE PASSIVATION THICKNESS,OPEN PAD WINDOW,OPEN BOND PAD WINDOW,DEPOSIT PASSIVATION
valid_0279,SPIN COAT PHOTORESIST,MEASURE METAL THICKNESS,MEASURE POLY THICKNESS,MEASURE FILM THICKNESS,MEASURE PLANARITY
valid_0280,CURE PASSIVATION,DEPOSIT PASSIVATION,MEASURE PASSIVATION QUALITY,DEPOSIT PASSIVATION LAYER,MEASURE PASSIVATION THICKNESS
valid_0281,DENSIFY OXIDE,DENSIFY DIELECTRIC,DEPOSIT INTERLAYER DIELECTRIC,DEPOSIT INTERLEVEL DIELECTRIC,MEASURE FILM THICKNESS
valid_0282,CLEAN AFTER METAL ETCH,CLEAN PAD OPENING,MEASURE LINE WIDTH,DEPOSIT PASSIVATION LAYER,DEPOSIT PASSIVATION
valid_0283,MEASURE PLANARITY,MEASURE SURFACE PLANARITY,CMP INTERLAYER DIELECTRIC,CMP DIELECTRIC,SPIN COAT PHOTORESIST
valid_0284,CURE PASSIVATION,DEPOSIT PASSIVATION,MEASURE PASSIVATION QUALITY,DEPOSIT PASSIVATION LAYER,MEASURE PASSIVATION THICKNESS
valid_0285,MEASURE FILM THICKNESS,MEASURE DIELECTRIC THICKNESS,MEASURE OXIDE THICKNESS,SPIN COAT PHOTORESIST,CMP INTERLAYER DIELECTRIC
valid_0286,DEPOSIT PASSIVATION LAYER,DEPOSIT PASSIVATION,MEASURE LINE WIDTH,MEASURE PASSIVATION QUALITY,MEASURE PASSIVATION THICKNESS
valid_0287,EXPOSE LITHO LEVEL 5,EXPOSE LITHO LEVEL 3,EXPOSE LITHO LEVEL 6,ALIGN MASK LEVEL 5,DEVELOP PHOTORESIST
valid_0288,MEASURE PASSIVATION QUALITY,MEASURE PASSIVATION THICKNESS,OPEN PAD WINDOW,OPEN BOND PAD WINDOW,DEPOSIT PASSIVATION
valid_0289,SPIN COAT PHOTORESIST,MEASURE METAL THICKNESS,MEASURE POLY THICKNESS,MEASURE FILM THICKNESS,MEASURE PLANARITY
valid_0290,DEPOSIT PASSIVATION LAYER,DEPOSIT PASSIVATION,MEASURE LINE WIDTH,MEASURE PASSIVATION QUALITY,MEASURE PASSIVATION THICKNESS
valid_0291,SPIN COAT PHOTORESIST,MEASURE POLY THICKNESS,MEASURE METAL THICKNESS,MEASURE FILM THICKNESS,MEASURE PLANARITY
valid_0292,CURE PASSIVATION,DEPOSIT PASSIVATION,DEPOSIT PASSIVATION LAYER,MEASURE PASSIVATION QUALITY,MEASURE LINE WIDTH
valid_0293,SPIN COAT PHOTORESIST,MEASURE POLY THICKNESS,MEASURE METAL THICKNESS,MEASURE FILM THICKNESS,MEASURE PLANARITY
valid_0294,DEPOSIT PASSIVATION,DEPOSIT PASSIVATION LAYER,MEASURE LINE WIDTH,MEASURE PASSIVATION QUALITY,MEASURE PASSIVATION THICKNESS
valid_0295,MEASURE SURFACE PLANARITY,MEASURE PLANARITY,SPIN COAT PHOTORESIST,CMP INTERLAYER DIELECTRIC,CMP DIELECTRIC
valid_0296,CURE PASSIVATION,DEPOSIT PASSIVATION,MEASURE PASSIVATION QUALITY,DEPOSIT PASSIVATION LAYER,MEASURE PASSIVATION THICKNESS
valid_0297,MEASURE DIELECTRIC THICKNESS,MEASURE FILM THICKNESS,MEASURE OXIDE THICKNESS,SPIN COAT PHOTORESIST,CMP DIELECTRIC
valid_0298,MEASURE LINE WIDTH,DEPOSIT PASSIVATION,DEPOSIT PASSIVATION LAYER,DEPOSIT BARRIER METAL,MEASURE SURFACE UNIFORMITY
valid_0299,MEASURE SURFACE PLANARITY,MEASURE PLANARITY,CMP INTERLAYER DIELECTRIC,CMP DIELECTRIC,SPIN COAT PHOTORESIST
valid_0300,CURE PASSIVATION,DEPOSIT PASSIVATION,DEPOSIT PASSIVATION LAYER,MEASURE PASSIVATION QUALITY,MEASURE PASSIVATION THICKNESS
valid_0301,MEASURE SURFACE PLANARITY,MEASURE PLANARITY,SPIN COAT PHOTORESIST,CMP INTERLAYER DIELECTRIC,CMP DIELECTRIC
valid_0302,CURE PASSIVATION,DEPOSIT PASSIVATION,DEPOSIT PASSIVATION LAYER,MEASURE PASSIVATION QUALITY,MEASURE PASSIVATION THICKNESS
valid_0303,MEASURE DIELECTRIC THICKNESS,MEASURE FILM THICKNESS,MEASURE OXIDE THICKNESS,SPIN COAT PHOTORESIST,CMP DIELECTRIC
valid_0304,MEASURE LINE WIDTH,DEPOSIT PASSIVATION,DEPOSIT PASSIVATION LAYER,DEPOSIT BARRIER METAL,MEASURE SURFACE UNIFORMITY
valid_0305,SPIN COAT PHOTORESIST,MEASURE METAL THICKNESS,MEASURE POLY THICKNESS,MEASURE FILM THICKNESS,MEASURE PLANARITY
valid_0306,MEASURE PASSIVATION THICKNESS,MEASURE PASSIVATION QUALITY,OPEN PAD WINDOW,OPEN BOND PAD WINDOW,DEPOSIT PASSIVATION
valid_0307,MEASURE PLANARITY,MEASURE SURFACE PLANARITY,CMP INTERLAYER DIELECTRIC,SPIN COAT PHOTORESIST,CMP DIELECTRIC
valid_0308,CURE PASSIVATION,DEPOSIT PASSIVATION,DEPOSIT PASSIVATION LAYER,MEASURE PASSIVATION QUALITY,MEASURE PASSIVATION THICKNESS
valid_0309,SPIN COAT PHOTORESIST,MEASURE POLY THICKNESS,MEASURE METAL THICKNESS,MEASURE FILM THICKNESS,MEASURE PLANARITY
valid_0310,CURE PASSIVATION,DEPOSIT PASSIVATION,DEPOSIT PASSIVATION LAYER,MEASURE PASSIVATION QUALITY,MEASURE PASSIVATION THICKNESS
valid_0311,MEASURE PLANARITY,MEASURE SURFACE PLANARITY,CMP INTERLAYER DIELECTRIC,SPIN COAT PHOTORESIST,CMP DIELECTRIC
valid_0312,CURE PASSIVATION,DEPOSIT PASSIVATION,DEPOSIT PASSIVATION LAYER,MEASURE PASSIVATION QUALITY,MEASURE LINE WIDTH
valid_0313,CMP INTERLAYER DIELECTRIC,CMP DIELECTRIC,MEASURE SURFACE PLANARITY,MEASURE PLANARITY,MEASURE DIELECTRIC THICKNESS
valid_0314,DEPOSIT PASSIVATION LAYER,DEPOSIT PASSIVATION,MEASURE LINE WIDTH,MEASURE PASSIVATION QUALITY,MEASURE PASSIVATION THICKNESS
valid_0315,SPIN COAT PHOTORESIST,MEASURE POLY THICKNESS,MEASURE METAL THICKNESS,MEASURE FILM THICKNESS,MEASURE PLANARITY
valid_0316,MEASURE LINE WIDTH,DEPOSIT PASSIVATION,DEPOSIT PASSIVATION LAYER,DEPOSIT BARRIER METAL,MEASURE SURFACE UNIFORMITY
valid_0317,MEASURE FILM THICKNESS,MEASURE DIELECTRIC THICKNESS,MEASURE OXIDE THICKNESS,SPIN COAT PHOTORESIST,CMP INTERLAYER DIELECTRIC
valid_0318,MEASURE PASSIVATION THICKNESS,MEASURE PASSIVATION QUALITY,OPEN PAD WINDOW,OPEN BOND PAD WINDOW,DEPOSIT PASSIVATION
valid_0319,MEASURE PLANARITY,MEASURE SURFACE PLANARITY,CMP INTERLAYER DIELECTRIC,SPIN COAT PHOTORESIST,CMP DIELECTRIC
valid_0320,CURE PASSIVATION,DEPOSIT PASSIVATION,DEPOSIT PASSIVATION LAYER,MEASURE PASSIVATION QUALITY,MEASURE PASSIVATION THICKNESS
valid_0321,SPIN COAT PHOTORESIST,MEASURE METAL THICKNESS,MEASURE POLY THICKNESS,MEASURE FILM THICKNESS,MEASURE PLANARITY
valid_0322,CURE PASSIVATION,DEPOSIT PASSIVATION,DEPOSIT PASSIVATION LAYER,MEASURE PASSIVATION QUALITY,MEASURE LINE WIDTH
valid_0323,SOFT BAKE,ALIGN MASK LEVEL 5,SPIN COAT PHOTORESIST,HF DIP,CURE PASSIVATION
valid_0324,OPEN PAD WINDOW,OPEN BOND PAD WINDOW,MEASURE PASSIVATION QUALITY,OPEN PAD WINDOW LITHO,PAD WINDOW LITHO
valid_0325,CMP DIELECTRIC,CMP INTERLAYER DIELECTRIC,MEASURE SURFACE PLANARITY,MEASURE PLANARITY,MEASURE DIELECTRIC THICKNESS
valid_0326,DEPOSIT PASSIVATION,DEPOSIT PASSIVATION LAYER,MEASURE LINE WIDTH,MEASURE PASSIVATION QUALITY,MEASURE PASSIVATION THICKNESS
valid_0327,SPIN COAT PHOTORESIST,MEASURE POLY THICKNESS,MEASURE METAL THICKNESS,MEASURE FILM THICKNESS,MEASURE PLANARITY
valid_0328,CURE PASSIVATION,DEPOSIT PASSIVATION,DEPOSIT PASSIVATION LAYER,MEASURE PASSIVATION QUALITY,MEASURE PASSIVATION THICKNESS
valid_0329,MEASURE SURFACE PLANARITY,MEASURE PLANARITY,SPIN COAT PHOTORESIST,CMP INTERLAYER DIELECTRIC,CMP DIELECTRIC
valid_0330,MEASURE PASSIVATION QUALITY,MEASURE PASSIVATION THICKNESS,OPEN PAD WINDOW,OPEN BOND PAD WINDOW,DEPOSIT PASSIVATION
valid_0331,MEASURE SURFACE PLANARITY,MEASURE PLANARITY,CMP INTERLAYER DIELECTRIC,SPIN COAT PHOTORESIST,CMP DIELECTRIC
valid_0332,CURE PASSIVATION,DEPOSIT PASSIVATION,DEPOSIT PASSIVATION LAYER,MEASURE PASSIVATION QUALITY,MEASURE PASSIVATION THICKNESS
valid_0333,DENSIFY OXIDE,DENSIFY DIELECTRIC,DEPOSIT INTERLAYER DIELECTRIC,DEPOSIT INTERLEVEL DIELECTRIC,MEASURE FILM THICKNESS
valid_0334,MEASURE LINE WIDTH,DEPOSIT PASSIVATION LAYER,DEPOSIT PASSIVATION,DEPOSIT BARRIER METAL,MEASURE SURFACE UNIFORMITY
valid_0335,CMP DIELECTRIC,CMP INTERLAYER DIELECTRIC,MEASURE SURFACE PLANARITY,MEASURE PLANARITY,MEASURE DIELECTRIC THICKNESS
valid_0336,MEASURE PASSIVATION THICKNESS,MEASURE PASSIVATION QUALITY,OPEN PAD WINDOW,OPEN BOND PAD WINDOW,DEPOSIT PASSIVATION
valid_0337,CMP INTERLAYER DIELECTRIC,CMP DIELECTRIC,MEASURE SURFACE PLANARITY,MEASURE PLANARITY,MEASURE DIELECTRIC THICKNESS
valid_0338,DEPOSIT PASSIVATION,DEPOSIT PASSIVATION LAYER,MEASURE LINE WIDTH,MEASURE PASSIVATION QUALITY,MEASURE PASSIVATION THICKNESS
valid_0339,SOFT BAKE,ALIGN MASK LEVEL 5,SPIN COAT PHOTORESIST,HF DIP,CURE PASSIVATION
valid_0340,CURE PASSIVATION,DEPOSIT PASSIVATION,DEPOSIT PASSIVATION LAYER,MEASURE PASSIVATION QUALITY,MEASURE PASSIVATION THICKNESS
valid_0341,SPIN COAT PHOTORESIST,MEASURE METAL THICKNESS,MEASURE POLY THICKNESS,MEASURE FILM THICKNESS,MEASURE PLANARITY
valid_0342,OPEN PAD WINDOW,OPEN BOND PAD WINDOW,OPEN PAD WINDOW LITHO,PAD WINDOW LITHO,MEASURE PASSIVATION QUALITY
valid_0343,SPIN COAT PHOTORESIST,MEASURE POLY THICKNESS,MEASURE METAL THICKNESS,MEASURE FILM THICKNESS,MEASURE PLANARITY
valid_0344,MEASURE PASSIVATION THICKNESS,MEASURE PASSIVATION QUALITY,OPEN PAD WINDOW,OPEN BOND PAD WINDOW,DEPOSIT PASSIVATION
valid_0345,SPIN COAT PHOTORESIST,MEASURE METAL THICKNESS,MEASURE POLY THICKNESS,MEASURE FILM THICKNESS,MEASURE PLANARITY
valid_0346,MEASURE PASSIVATION QUALITY,MEASURE PASSIVATION THICKNESS,OPEN PAD WINDOW,OPEN BOND PAD WINDOW,DEPOSIT PASSIVATION
valid_0347,CMP INTERLAYER DIELECTRIC,CMP DIELECTRIC,MEASURE SURFACE PLANARITY,MEASURE PLANARITY,MEASURE DIELECTRIC THICKNESS
valid_0348,DEPOSIT PASSIVATION LAYER,DEPOSIT PASSIVATION,MEASURE LINE WIDTH,MEASURE PASSIVATION QUALITY,MEASURE PASSIVATION THICKNESS
valid_0349,DEPOSIT INTERLEVEL DIELECTRIC,DEPOSIT INTERLAYER DIELECTRIC,MEASURE DEVICE PARAMETER,MEASURE JUNCTION PROFILE,MEASURE SHEET RESISTANCE
valid_0350,CLEAN AFTER METAL ETCH,MEASURE LINE WIDTH,CLEAN PAD OPENING,CLEAN AFTER VIA ETCH,DEPOSIT PASSIVATION LAYER
valid_0351,CMP INTERLAYER DIELECTRIC,CMP DIELECTRIC,MEASURE SURFACE PLANARITY,MEASURE PLANARITY,MEASURE DIELECTRIC THICKNESS
valid_0352,DEPOSIT PASSIVATION LAYER,DEPOSIT PASSIVATION,MEASURE LINE WIDTH,MEASURE PASSIVATION QUALITY,MEASURE PASSIVATION THICKNESS
valid_0353,ALIGN MASK LEVEL 5,ALIGN MASK LEVEL 3,ALIGN MASK LEVEL 1,ALIGN MASK LEVEL 6,SOFT BAKE
valid_0354,CURE PASSIVATION,DEPOSIT PASSIVATION,DEPOSIT PASSIVATION LAYER,MEASURE PASSIVATION QUALITY,MEASURE LINE WIDTH
valid_0355,SPIN COAT PHOTORESIST,MEASURE METAL THICKNESS,MEASURE POLY THICKNESS,MEASURE FILM THICKNESS,MEASURE PLANARITY
valid_0356,MEASURE LINE WIDTH,DEPOSIT PASSIVATION LAYER,DEPOSIT PASSIVATION,CLEAN AFTER METAL ETCH,DEPOSIT BARRIER METAL
valid_0357,MEASURE PLANARITY,MEASURE SURFACE PLANARITY,CMP INTERLAYER DIELECTRIC,CMP DIELECTRIC,SPIN COAT PHOTORESIST
valid_0358,CURE PASSIVATION,DEPOSIT PASSIVATION,MEASURE PASSIVATION QUALITY,DEPOSIT PASSIVATION LAYER,MEASURE PASSIVATION THICKNESS
valid_0359,SPIN COAT PHOTORESIST,MEASURE METAL THICKNESS,MEASURE POLY THICKNESS,MEASURE FILM THICKNESS,MEASURE PLANARITY
valid_0360,CURE PASSIVATION,DEPOSIT PASSIVATION,DEPOSIT PASSIVATION LAYER,MEASURE PASSIVATION QUALITY,MEASURE PASSIVATION THICKNESS
valid_0361,SPIN COAT PHOTORESIST,MEASURE POLY THICKNESS,MEASURE METAL THICKNESS,MEASURE FILM THICKNESS,MEASURE PLANARITY
valid_0362,CURE PASSIVATION,DEPOSIT PASSIVATION,DEPOSIT PASSIVATION LAYER,MEASURE PASSIVATION QUALITY,MEASURE PASSIVATION THICKNESS
valid_0363,MEASURE FILM THICKNESS,MEASURE DIELECTRIC THICKNESS,MEASURE OXIDE THICKNESS,SPIN COAT PHOTORESIST,CMP INTERLAYER DIELECTRIC
valid_0364,MEASURE LINE WIDTH,DEPOSIT PASSIVATION LAYER,DEPOSIT PASSIVATION,DEPOSIT BARRIER METAL,CLEAN AFTER METAL ETCH
valid_0365,ALIGN MASK LEVEL 5,ALIGN MASK LEVEL 3,ALIGN MASK LEVEL 1,ALIGN MASK LEVEL 6,SOFT BAKE
valid_0366,DEPOSIT PASSIVATION,DEPOSIT PASSIVATION LAYER,MEASURE LINE WIDTH,MEASURE PASSIVATION QUALITY,MEASURE PASSIVATION THICKNESS
valid_0367,MEASURE SURFACE PLANARITY,MEASURE PLANARITY,SPIN COAT PHOTORESIST,CMP INTERLAYER DIELECTRIC,CMP DIELECTRIC
valid_0368,MEASURE PASSIVATION QUALITY,MEASURE PASSIVATION THICKNESS,OPEN PAD WINDOW,OPEN BOND PAD WINDOW,DEPOSIT PASSIVATION
valid_0369,SPIN COAT PHOTORESIST,MEASURE POLY THICKNESS,MEASURE METAL THICKNESS,MEASURE FILM THICKNESS,MEASURE PLANARITY
valid_0370,CURE PASSIVATION,DEPOSIT PASSIVATION,DEPOSIT PASSIVATION LAYER,MEASURE PASSIVATION QUALITY,MEASURE PASSIVATION THICKNESS
valid_0371,CMP INTERLAYER DIELECTRIC,CMP DIELECTRIC,MEASURE SURFACE PLANARITY,MEASURE PLANARITY,MEASURE DIELECTRIC THICKNESS
valid_0372,DEPOSIT PASSIVATION,DEPOSIT PASSIVATION LAYER,MEASURE LINE WIDTH,MEASURE PASSIVATION QUALITY,MEASURE PASSIVATION THICKNESS
valid_0373,SPIN COAT PHOTORESIST,MEASURE METAL THICKNESS,MEASURE POLY THICKNESS,MEASURE FILM THICKNESS,MEASURE PLANARITY
valid_0374,CURE PASSIVATION,DEPOSIT PASSIVATION,DEPOSIT PASSIVATION LAYER,MEASURE PASSIVATION QUALITY,MEASURE PASSIVATION THICKNESS
valid_0375,MEASURE DEVICE PARAMETER,DEPOSIT INTERLEVEL DIELECTRIC,DEPOSIT INTERLAYER DIELECTRIC,MEASURE JUNCTION PROFILE,MEASURE SHEET RESISTANCE
valid_0376,CLEAN AFTER METAL ETCH,MEASURE LINE WIDTH,DEPOSIT PASSIVATION LAYER,DEPOSIT PASSIVATION,STRIP RESIST
valid_0377,CMP INTERLAYER DIELECTRIC,CMP DIELECTRIC,MEASURE SURFACE PLANARITY,MEASURE PLANARITY,MEASURE DIELECTRIC THICKNESS
valid_0378,CURE PASSIVATION,DEPOSIT PASSIVATION,DEPOSIT PASSIVATION LAYER,MEASURE PASSIVATION QUALITY,MEASURE PASSIVATION THICKNESS
valid_0379,SPIN COAT PHOTORESIST,MEASURE METAL THICKNESS,MEASURE POLY THICKNESS,MEASURE FILM THICKNESS,MEASURE PLANARITY
valid_0380,MEASURE PASSIVATION QUALITY,MEASURE PASSIVATION THICKNESS,OPEN PAD WINDOW,OPEN BOND PAD WINDOW,DEPOSIT PASSIVATION
valid_0381,MEASURE FILM THICKNESS,MEASURE DIELECTRIC THICKNESS,MEASURE OXIDE THICKNESS,SPIN COAT PHOTORESIST,CMP INTERLAYER DIELECTRIC
valid_0382,MEASURE LINE WIDTH,DEPOSIT PASSIVATION,DEPOSIT PASSIVATION LAYER,DEPOSIT BARRIER METAL,CLEAN AFTER METAL ETCH
valid_0383,SOFT BAKE,SPIN COAT PHOTORESIST,ALIGN MASK LEVEL 5,HF DIP,CURE PASSIVATION
valid_0384,MEASURE PASSIVATION QUALITY,MEASURE PASSIVATION THICKNESS,OPEN PAD WINDOW,OPEN BOND PAD WINDOW,DEPOSIT PASSIVATION
valid_0385,MEASURE PLANARITY,MEASURE SURFACE PLANARITY,CMP INTERLAYER DIELECTRIC,SPIN COAT PHOTORESIST,CMP DIELECTRIC
valid_0386,CURE PASSIVATION,DEPOSIT PASSIVATION,DEPOSIT PASSIVATION LAYER,MEASURE PASSIVATION QUALITY,MEASURE PASSIVATION THICKNESS
valid_0387,ALIGN MASK LEVEL 5,ALIGN MASK LEVEL 3,ALIGN MASK LEVEL 1,ALIGN MASK LEVEL 6,SOFT BAKE
valid_0388,CURE PASSIVATION,DEPOSIT PASSIVATION,DEPOSIT PASSIVATION LAYER,MEASURE PASSIVATION QUALITY,MEASURE PASSIVATION THICKNESS
valid_0389,MEASURE PLANARITY,MEASURE SURFACE PLANARITY,CMP INTERLAYER DIELECTRIC,SPIN COAT PHOTORESIST,CMP DIELECTRIC
valid_0390,CURE PASSIVATION,DEPOSIT PASSIVATION,DEPOSIT PASSIVATION LAYER,MEASURE PASSIVATION QUALITY,MEASURE PASSIVATION THICKNESS
valid_0391,SPIN COAT PHOTORESIST,MEASURE POLY THICKNESS,MEASURE METAL THICKNESS,MEASURE FILM THICKNESS,MEASURE PLANARITY
valid_0392,DEPOSIT PASSIVATION LAYER,DEPOSIT PASSIVATION,MEASURE LINE WIDTH,MEASURE PASSIVATION QUALITY,MEASURE PASSIVATION THICKNESS
valid_0393,MEASURE PLANARITY,MEASURE SURFACE PLANARITY,SPIN COAT PHOTORESIST,CMP INTERLAYER DIELECTRIC,CMP DIELECTRIC
valid_0394,CURE PASSIVATION,DEPOSIT PASSIVATION,DEPOSIT PASSIVATION LAYER,MEASURE PASSIVATION QUALITY,MEASURE PASSIVATION THICKNESS
valid_0395,SPIN COAT PHOTORESIST,MEASURE METAL THICKNESS,MEASURE POLY THICKNESS,MEASURE FILM THICKNESS,MEASURE PLANARITY
valid_0396,MEASURE PASSIVATION THICKNESS,MEASURE PASSIVATION QUALITY,OPEN PAD WINDOW,OPEN BOND PAD WINDOW,DEPOSIT PASSIVATION
valid_0397,CMP INTERLAYER DIELECTRIC,CMP DIELECTRIC,MEASURE SURFACE PLANARITY,MEASURE PLANARITY,MEASURE DIELECTRIC THICKNESS
valid_0398,CURE PASSIVATION,DEPOSIT PASSIVATION,DEPOSIT PASSIVATION LAYER,MEASURE PASSIVATION QUALITY,MEASURE LINE WIDTH
valid_0399,MEASURE SURFACE PLANARITY,MEASURE PLANARITY,CMP INTERLAYER DIELECTRIC,CMP DIELECTRIC,SPIN COAT PHOTORESIST
valid_0400,DEPOSIT PASSIVATION LAYER,DEPOSIT PASSIVATION,MEASURE LINE WIDTH,MEASURE PASSIVATION QUALITY,MEASURE PASSIVATION THICKNESS
valid_0401,DEPOSIT TUNGSTEN SEED,DEPOSIT METAL SEED,DEPOSIT BARRIER METAL,FILL VIA TUNGSTEN,PRE ANNEAL CHECK
valid_0402,PASSIVATION ETCH PAD OPENING,PASSIVATION ETCH,DEVELOP PAD WINDOW,STRIP RESIST,VIA OPENING INSPECTION
valid_0403,MEASURE VIA CD,DEPOSIT BARRIER METAL,IMPLANT SOURCE REGION,MEASURE SURFACE UNIFORMITY,CLEAN AFTER VIA ETCH
valid_0404,PASSIVATION ETCH,PASSIVATION ETCH PAD OPENING,DEVELOP PAD WINDOW,STRIP RESIST,VIA OPENING INSPECTION
valid_0405,MEASURE VIA CD,DEPOSIT BARRIER METAL,IMPLANT SOURCE REGION,MEASURE SURFACE UNIFORMITY,CLEAN AFTER VIA ETCH
valid_0406,MEASURE PASSIVATION THICKNESS,MEASURE PASSIVATION QUALITY,OPEN PAD WINDOW,OPEN BOND PAD WINDOW,DEPOSIT PASSIVATION
valid_0407,STRIP RESIST,STRIP PHOTORESIST,STRIP RESIST LEVEL 2,VIA ETCH,HARD BAKE
valid_0408,MEASURE PASSIVATION QUALITY,MEASURE PASSIVATION THICKNESS,OPEN PAD WINDOW,OPEN BOND PAD WINDOW,DEPOSIT PASSIVATION
valid_0409,STRIP PHOTORESIST,STRIP RESIST,STRIP RESIST LEVEL 2,VIA ETCH,DIELECTRIC ETCH VIA
valid_0410,OPEN PAD WINDOW,OPEN BOND PAD WINDOW,MEASURE PASSIVATION QUALITY,MEASURE PASSIVATION THICKNESS,OPEN PAD WINDOW LITHO
valid_0411,CLEAN AFTER VIA ETCH,CLEAN AFTER POLY ETCH,CLEAN AFTER FIELD ETCH,MEASURE VIA CD,DEPOSIT BARRIER METAL
valid_0412,OPEN BOND PAD WINDOW,OPEN PAD WINDOW,OPEN PAD WINDOW LITHO,PAD WINDOW LITHO,MEASURE PASSIVATION QUALITY
valid_0413,STRIP RESIST,STRIP PHOTORESIST,STRIP RESIST LEVEL 2,VIA ETCH,HARD BAKE
valid_0414,MEASURE PASSIVATION THICKNESS,MEASURE PASSIVATION QUALITY,OPEN PAD WINDOW,OPEN BOND PAD WINDOW,DEPOSIT PASSIVATION
valid_0415,CLEAN AFTER VIA ETCH,CLEAN AFTER FIELD ETCH,CLEAN AFTER METAL ETCH,CLEAN AFTER POLY ETCH,MEASURE VIA CD
valid_0416,DEVELOP PAD WINDOW,DEVELOP PHOTORESIST,POST EXPOSE BAKE,PAD WINDOW LITHO,OPEN PAD WINDOW LITHO
valid_0417,CLEAN AFTER VIA ETCH,CLEAN AFTER POLY ETCH,CLEAN AFTER FIELD ETCH,CLEAN AFTER ETCH,MEASURE VIA CD
valid_0418,PASSIVATION ETCH,PASSIVATION ETCH PAD OPENING,DEVELOP PAD WINDOW,STRIP RESIST,VIA OPENING INSPECTION
valid_0419,STRIP PHOTORESIST,STRIP RESIST,STRIP RESIST LEVEL 2,VIA ETCH,DIELECTRIC ETCH VIA
valid_0420,CURE PASSIVATION,DEPOSIT PASSIVATION,MEASURE PASSIVATION QUALITY,DEPOSIT PASSIVATION LAYER,MEASURE PASSIVATION THICKNESS
valid_0421,DEPOSIT TUNGSTEN SEED,DEPOSIT METAL SEED,DEPOSIT BARRIER METAL,FILL VIA TUNGSTEN,MEASURE VIA CD
valid_0422,PASSIVATION ETCH PAD OPENING,PASSIVATION ETCH,DEVELOP PAD WINDOW,STRIP RESIST,VIA OPENING INSPECTION
valid_0423,MEASURE VIA CD,DEPOSIT BARRIER METAL,IMPLANT SOURCE REGION,MEASURE SURFACE UNIFORMITY,CLEAN AFTER VIA ETCH
valid_0424,OPEN PAD WINDOW,OPEN BOND PAD WINDOW,MEASURE PASSIVATION QUALITY,PAD WINDOW LITHO,OPEN PAD WINDOW LITHO
valid_0425,CLEAN AFTER VIA ETCH,CLEAN AFTER POLY ETCH,CLEAN AFTER FIELD ETCH,CLEAN AFTER ETCH,MEASURE VIA CD
valid_0426,OPEN PAD WINDOW LITHO,PAD WINDOW LITHO,OPEN BOND PAD WINDOW,OPEN PAD WINDOW,DEVELOP PAD WINDOW
valid_0427,CLEAN AFTER VIA ETCH,CLEAN AFTER POLY ETCH,CLEAN AFTER FIELD ETCH,CLEAN AFTER ETCH,MEASURE VIA CD
valid_0428,OPEN PAD WINDOW,OPEN BOND PAD WINDOW,OPEN PAD WINDOW LITHO,PAD WINDOW LITHO,MEASURE PASSIVATION QUALITY
valid_0429,STRIP PHOTORESIST,STRIP RESIST,STRIP RESIST LEVEL 2,VIA ETCH,DIELECTRIC ETCH VIA
valid_0430,OPEN PAD WINDOW LITHO,PAD WINDOW LITHO,OPEN BOND PAD WINDOW,OPEN PAD WINDOW,DEVELOP PAD WINDOW
valid_0431,MEASURE VIA CD,DEPOSIT BARRIER METAL,IMPLANT SOURCE REGION,MEASURE SURFACE UNIFORMITY,CLEAN AFTER VIA ETCH
valid_0432,OPEN PAD WINDOW LITHO,PAD WINDOW LITHO,OPEN PAD WINDOW,OPEN BOND PAD WINDOW,DEVELOP PAD WINDOW
valid_0433,STRIP RESIST,STRIP PHOTORESIST,STRIP RESIST LEVEL 2,VIA ETCH,DIELECTRIC ETCH VIA
valid_0434,DEVELOP PAD WINDOW,DEVELOP PHOTORESIST,POST EXPOSE BAKE,PAD WINDOW LITHO,OPEN PAD WINDOW LITHO
valid_0435,DEPOSIT BARRIER METAL,MEASURE VIA CD,IMPLANT SOURCE REGION,DEPOSIT TUNGSTEN SEED,DEPOSIT PASSIVATION LAYER
valid_0436,PAD WINDOW LITHO,OPEN PAD WINDOW LITHO,OPEN PAD WINDOW,OPEN BOND PAD WINDOW,DEVELOP PAD WINDOW
valid_0437,CLEAN AFTER VIA ETCH,CLEAN AFTER FIELD ETCH,MEASURE VIA CD,CLEAN AFTER POLY ETCH,CLEAN AFTER METAL ETCH
valid_0438,PAD WINDOW LITHO,OPEN PAD WINDOW LITHO,OPEN PAD WINDOW,OPEN BOND PAD WINDOW,DEVELOP PAD WINDOW
valid_0439,CLEAN AFTER VIA ETCH,CLEAN AFTER POLY ETCH,CLEAN AFTER FIELD ETCH,MEASURE VIA CD,DEPOSIT BARRIER METAL
valid_0440,PAD WINDOW LITHO,OPEN PAD WINDOW LITHO,OPEN BOND PAD WINDOW,OPEN PAD WINDOW,DEVELOP PAD WINDOW
valid_0441,STRIP PHOTORESIST,STRIP RESIST,STRIP RESIST LEVEL 2,VIA ETCH,DIELECTRIC ETCH VIA
valid_0442,OPEN PAD WINDOW,OPEN BOND PAD WINDOW,MEASURE PASSIVATION QUALITY,MEASURE PASSIVATION THICKNESS,OPEN PAD WINDOW LITHO
valid_0443,DEPOSIT BARRIER METAL,MEASURE VIA CD,DEPOSIT TUNGSTEN SEED,IMPLANT SOURCE REGION,IMPLANT P BODY
valid_0444,OPEN BOND PAD WINDOW,OPEN PAD WINDOW,OPEN PAD WINDOW LITHO,PAD WINDOW LITHO,MEASURE PASSIVATION QUALITY
valid_0445,CLEAN AFTER VIA ETCH,CLEAN AFTER FIELD ETCH,CLEAN AFTER METAL ETCH,MEASURE VIA CD,DEPOSIT BARRIER METAL
valid_0446,OPEN PAD WINDOW,OPEN BOND PAD WINDOW,MEASURE PASSIVATION QUALITY,PAD WINDOW LITHO,OPEN PAD WINDOW LITHO
valid_0447,CLEAN AFTER VIA ETCH,CLEAN AFTER POLY ETCH,CLEAN AFTER FIELD ETCH,MEASURE VIA CD,DEPOSIT BARRIER METAL
valid_0448,DEVELOP PAD WINDOW,DEVELOP PHOTORESIST,POST EXPOSE BAKE,PAD WINDOW LITHO,OPEN PAD WINDOW LITHO
valid_0449,CLEAN AFTER VIA ETCH,CLEAN AFTER POLY ETCH,CLEAN AFTER FIELD ETCH,MEASURE VIA CD,DEPOSIT BARRIER METAL
valid_0450,PAD WINDOW LITHO,OPEN PAD WINDOW LITHO,OPEN BOND PAD WINDOW,OPEN PAD WINDOW,DEVELOP PAD WINDOW
valid_0451,MEASURE VIA CD,DEPOSIT BARRIER METAL,MEASURE SURFACE UNIFORMITY,IMPLANT SOURCE REGION,MEASURE LINE WIDTH
valid_0452,DEVELOP PHOTORESIST,DEVELOP PAD WINDOW,POST EXPOSE BAKE,PAD WINDOW LITHO,OPEN PAD WINDOW LITHO
valid_0453,MEASURE VIA CD,DEPOSIT BARRIER METAL,IMPLANT SOURCE REGION,MEASURE SURFACE UNIFORMITY,CLEAN AFTER VIA ETCH
valid_0454,PAD WINDOW LITHO,OPEN PAD WINDOW LITHO,OPEN PAD WINDOW,OPEN BOND PAD WINDOW,DEVELOP PAD WINDOW
valid_0455,DEPOSIT BARRIER METAL,MEASURE VIA CD,DEPOSIT TUNGSTEN SEED,IMPLANT SOURCE REGION,DEPOSIT PASSIVATION LAYER
valid_0456,DEVELOP PAD WINDOW,DEVELOP PHOTORESIST,POST EXPOSE BAKE,PAD WINDOW LITHO,OPEN PAD WINDOW LITHO
valid_0457,STRIP PHOTORESIST,STRIP RESIST,STRIP RESIST LEVEL 2,VIA ETCH,DIELECTRIC ETCH VIA
valid_0458,MEASURE PASSIVATION THICKNESS,MEASURE PASSIVATION QUALITY,OPEN PAD WINDOW,OPEN BOND PAD WINDOW,DEPOSIT PASSIVATION
valid_0459,HARD BAKE,DIELECTRIC ETCH VIA,VIA ETCH THROUGH DIELECTRIC,VIA ETCH,METAL ETCH DRY
valid_0460,MEASURE PASSIVATION THICKNESS,MEASURE PASSIVATION QUALITY,OPEN PAD WINDOW,OPEN BOND PAD WINDOW,DEPOSIT PASSIVATION
valid_0461,MEASURE VIA CD,DEPOSIT BARRIER METAL,IMPLANT SOURCE REGION,MEASURE SURFACE UNIFORMITY,CLEAN AFTER VIA ETCH
valid_0462,OPEN PAD WINDOW LITHO,PAD WINDOW LITHO,OPEN PAD WINDOW,OPEN BOND PAD WINDOW,DEVELOP PAD WINDOW
valid_0463,MEASURE VIA CD,DEPOSIT BARRIER METAL,MEASURE SURFACE UNIFORMITY,IMPLANT SOURCE REGION,CLEAN AFTER VIA ETCH
valid_0464,OPEN PAD WINDOW LITHO,PAD WINDOW LITHO,OPEN BOND PAD WINDOW,OPEN PAD WINDOW,DEVELOP PAD WINDOW
valid_0465,HARD BAKE,DIELECTRIC ETCH VIA,VIA ETCH,VIA ETCH THROUGH DIELECTRIC,METAL ETCH DRY
valid_0466,CURE PASSIVATION,DEPOSIT PASSIVATION,DEPOSIT PASSIVATION LAYER,MEASURE PASSIVATION QUALITY,MEASURE PASSIVATION THICKNESS
valid_0467,CLEAN AFTER VIA ETCH,CLEAN AFTER POLY ETCH,CLEAN AFTER FIELD ETCH,DEPOSIT BARRIER METAL,MEASURE VIA CD
valid_0468,OPEN PAD WINDOW,OPEN BOND PAD WINDOW,MEASURE PASSIVATION QUALITY,PAD WINDOW LITHO,MEASURE PASSIVATION THICKNESS
valid_0469,CLEAN AFTER VIA ETCH,CLEAN AFTER FIELD ETCH,DEPOSIT BARRIER METAL,CLEAN AFTER POLY ETCH,CLEAN AFTER METAL ETCH
valid_0470,OPEN PAD WINDOW,OPEN BOND PAD WINDOW,MEASURE PASSIVATION QUALITY,OPEN PAD WINDOW LITHO,PAD WINDOW LITHO
valid_0471,DEPOSIT BARRIER METAL,MEASURE VIA CD,DEPOSIT TUNGSTEN SEED,IMPLANT SOURCE REGION,IMPLANT P BODY
valid_0472,PASSIVATION ETCH PAD OPENING,PASSIVATION ETCH,DEVELOP PAD WINDOW,STRIP RESIST,DEVELOP PHOTORESIST
valid_0473,STRIP PHOTORESIST,STRIP RESIST,STRIP RESIST LEVEL 2,VIA ETCH,DIELECTRIC ETCH VIA
valid_0474,MEASURE PASSIVATION THICKNESS,MEASURE PASSIVATION QUALITY,OPEN PAD WINDOW,OPEN BOND PAD WINDOW,DEPOSIT PASSIVATION
valid_0475,VIA ETCH THROUGH DIELECTRIC,VIA ETCH,DIELECTRIC ETCH VIA,HARD BAKE,OXIDE ETCH DRY
valid_0476,MEASURE PASSIVATION THICKNESS,MEASURE PASSIVATION QUALITY,OPEN PAD WINDOW,OPEN BOND PAD WINDOW,DEPOSIT PASSIVATION
valid_0477,CLEAN AFTER VIA ETCH,CLEAN AFTER FIELD ETCH,CLEAN AFTER POLY ETCH,CLEAN AFTER METAL ETCH,DEPOSIT BARRIER METAL
valid_0478,OPEN PAD WINDOW,OPEN BOND PAD WINDOW,MEASURE PASSIVATION QUALITY,MEASURE PASSIVATION THICKNESS,PAD WINDOW LITHO
valid_0479,CLEAN AFTER VIA ETCH,CLEAN AFTER POLY ETCH,CLEAN AFTER FIELD ETCH,DEPOSIT BARRIER METAL,MEASURE VIA CD
valid_0480,PAD WINDOW LITHO,OPEN PAD WINDOW LITHO,OPEN PAD WINDOW,OPEN BOND PAD WINDOW,DEVELOP PAD WINDOW
valid_0481,MEASURE VIA CD,DEPOSIT BARRIER METAL,IMPLANT SOURCE REGION,MEASURE SURFACE UNIFORMITY,CLEAN AFTER VIA ETCH
valid_0482,OPEN PAD WINDOW,OPEN BOND PAD WINDOW,MEASURE PASSIVATION QUALITY,MEASURE PASSIVATION THICKNESS,OPEN PAD WINDOW LITHO
valid_0483,DEPOSIT TUNGSTEN SEED,DEPOSIT METAL SEED,DEPOSIT BARRIER METAL,FILL VIA TUNGSTEN,MEASURE VIA CD
valid_0484,DEVELOP PAD WINDOW,DEVELOP PHOTORESIST,POST EXPOSE BAKE,PAD WINDOW LITHO,OPEN PAD WINDOW LITHO
valid_0485,DEPOSIT BARRIER METAL,MEASURE VIA CD,DEPOSIT TUNGSTEN SEED,IMPLANT SOURCE REGION,IMPLANT P BODY
valid_0486,DEVELOP PAD WINDOW,DEVELOP PHOTORESIST,POST EXPOSE BAKE,PAD WINDOW LITHO,OPEN PAD WINDOW LITHO
valid_0487,CLEAN AFTER VIA ETCH,CLEAN AFTER FIELD ETCH,DEPOSIT BARRIER METAL,CLEAN AFTER POLY ETCH,CLEAN AFTER METAL ETCH
valid_0488,MEASURE PASSIVATION THICKNESS,MEASURE PASSIVATION QUALITY,OPEN PAD WINDOW,OPEN BOND PAD WINDOW,DEPOSIT PASSIVATION
valid_0489,CLEAN AFTER VIA ETCH,CLEAN AFTER POLY ETCH,CLEAN AFTER FIELD ETCH,CLEAN AFTER ETCH,MEASURE VIA CD
valid_0490,OPEN PAD WINDOW,OPEN BOND PAD WINDOW,OPEN PAD WINDOW LITHO,MEASURE PASSIVATION QUALITY,PAD WINDOW LITHO
valid_0491,STRIP PHOTORESIST,STRIP RESIST,STRIP RESIST LEVEL 2,HARD BAKE,VIA ETCH
valid_0492,OPEN PAD WINDOW LITHO,PAD WINDOW LITHO,OPEN BOND PAD WINDOW,OPEN PAD WINDOW,DEVELOP PAD WINDOW
valid_0493,MEASURE VIA CD,DEPOSIT BARRIER METAL,IMPLANT SOURCE REGION,MEASURE SURFACE UNIFORMITY,CLEAN AFTER VIA ETCH
valid_0494,PAD WINDOW LITHO,OPEN PAD WINDOW LITHO,OPEN PAD WINDOW,OPEN BOND PAD WINDOW,DEVELOP PAD WINDOW
valid_0495,CLEAN AFTER VIA ETCH,CLEAN AFTER POLY ETCH,CLEAN AFTER FIELD ETCH,CLEAN AFTER ETCH,DEPOSIT BARRIER METAL
valid_0496,MEASURE PASSIVATION QUALITY,MEASURE PASSIVATION THICKNESS,OPEN PAD WINDOW,OPEN BOND PAD WINDOW,DEPOSIT PASSIVATION
valid_0497,MEASURE VIA CD,DEPOSIT BARRIER METAL,IMPLANT SOURCE REGION,MEASURE SURFACE UNIFORMITY,CLEAN AFTER VIA ETCH
valid_0498,DEVELOP PHOTORESIST,DEVELOP PAD WINDOW,POST EXPOSE BAKE,PAD WINDOW LITHO,OPEN PAD WINDOW LITHO
valid_0499,CLEAN AFTER VIA ETCH,CLEAN AFTER POLY ETCH,CLEAN AFTER FIELD ETCH,CLEAN AFTER ETCH,MEASURE VIA CD
valid_0500,OPEN PAD WINDOW LITHO,PAD WINDOW LITHO,OPEN BOND PAD WINDOW,OPEN PAD WINDOW,DEVELOP PAD WINDOW
valid_0501,CLEAN AFTER VIA ETCH,CLEAN AFTER POLY ETCH,CLEAN AFTER FIELD ETCH,CLEAN AFTER ETCH,DEPOSIT BARRIER METAL
valid_0502,PAD WINDOW LITHO,OPEN PAD WINDOW LITHO,OPEN BOND PAD WINDOW,OPEN PAD WINDOW,DEVELOP PAD WINDOW
valid_0503,DEPOSIT BARRIER METAL,MEASURE VIA CD,DEPOSIT TUNGSTEN SEED,IMPLANT SOURCE REGION,IMPLANT P BODY
valid_0504,PASSIVATION ETCH PAD OPENING,PASSIVATION ETCH,DEVELOP PAD WINDOW,STRIP RESIST,VIA OPENING INSPECTION
valid_0505,STRIP PHOTORESIST,STRIP RESIST,STRIP RESIST LEVEL 2,VIA ETCH,DIELECTRIC ETCH VIA
valid_0506,CURE PASSIVATION,DEPOSIT PASSIVATION,MEASURE PASSIVATION QUALITY,DEPOSIT PASSIVATION LAYER,MEASURE PASSIVATION THICKNESS
valid_0507,STRIP PHOTORESIST,STRIP RESIST,STRIP RESIST LEVEL 2,VIA ETCH,HARD BAKE
valid_0508,DEVELOP PAD WINDOW,DEVELOP PHOTORESIST,POST EXPOSE BAKE,PAD WINDOW LITHO,OPEN PAD WINDOW LITHO
valid_0509,CLEAN AFTER VIA ETCH,CLEAN AFTER POLY ETCH,CLEAN AFTER FIELD ETCH,MEASURE VIA CD,DEPOSIT BARRIER METAL
valid_0510,MEASURE PASSIVATION QUALITY,MEASURE PASSIVATION THICKNESS,OPEN PAD WINDOW,OPEN BOND PAD WINDOW,DEPOSIT PASSIVATION
valid_0511,HARD BAKE,VIA ETCH THROUGH DIELECTRIC,DIELECTRIC ETCH VIA,VIA ETCH,METAL ETCH DRY
valid_0512,OPEN PAD WINDOW,OPEN BOND PAD WINDOW,OPEN PAD WINDOW LITHO,PAD WINDOW LITHO,MEASURE PASSIVATION QUALITY
valid_0513,MEASURE VIA CD,DEPOSIT BARRIER METAL,IMPLANT SOURCE REGION,MEASURE SURFACE UNIFORMITY,CLEAN AFTER VIA ETCH
valid_0514,PAD WINDOW LITHO,OPEN PAD WINDOW LITHO,OPEN BOND PAD WINDOW,OPEN PAD WINDOW,DEVELOP PAD WINDOW
valid_0515,MEASURE VIA CD,DEPOSIT BARRIER METAL,IMPLANT SOURCE REGION,MEASURE SURFACE UNIFORMITY,CLEAN AFTER VIA ETCH
valid_0516,PAD WINDOW LITHO,OPEN PAD WINDOW LITHO,OPEN PAD WINDOW,OPEN BOND PAD WINDOW,DEVELOP PAD WINDOW
valid_0517,MEASURE VIA CD,DEPOSIT BARRIER METAL,IMPLANT SOURCE REGION,MEASURE SURFACE UNIFORMITY,CLEAN AFTER VIA ETCH
valid_0518,DEVELOP PHOTORESIST,DEVELOP PAD WINDOW,POST EXPOSE BAKE,PAD WINDOW LITHO,PASSIVATION ETCH PAD OPENING
valid_0519,MEASURE VIA CD,DEPOSIT BARRIER METAL,IMPLANT SOURCE REGION,MEASURE SURFACE UNIFORMITY,CLEAN AFTER VIA ETCH
valid_0520,PAD WINDOW LITHO,OPEN PAD WINDOW LITHO,OPEN PAD WINDOW,OPEN BOND PAD WINDOW,DEVELOP PAD WINDOW
valid_0521,MEASURE VIA CD,DEPOSIT BARRIER METAL,IMPLANT SOURCE REGION,MEASURE SURFACE UNIFORMITY,CLEAN AFTER VIA ETCH
valid_0522,DEVELOP PHOTORESIST,DEVELOP PAD WINDOW,POST EXPOSE BAKE,PAD WINDOW LITHO,OPEN PAD WINDOW LITHO
valid_0523,STRIP PHOTORESIST,STRIP RESIST,STRIP RESIST LEVEL 2,VIA ETCH,DIELECTRIC ETCH VIA
valid_0524,OPEN BOND PAD WINDOW,OPEN PAD WINDOW,OPEN PAD WINDOW LITHO,PAD WINDOW LITHO,MEASURE PASSIVATION QUALITY
valid_0525,MEASURE VIA CD,DEPOSIT BARRIER METAL,IMPLANT SOURCE REGION,MEASURE SURFACE UNIFORMITY,CLEAN AFTER VIA ETCH
valid_0526,DEVELOP PAD WINDOW,DEVELOP PHOTORESIST,POST EXPOSE BAKE,PAD WINDOW LITHO,OPEN PAD WINDOW LITHO
valid_0527,DEPOSIT BARRIER METAL,MEASURE VIA CD,DEPOSIT TUNGSTEN SEED,IMPLANT SOURCE REGION,IMPLANT P BODY
valid_0528,OPEN PAD WINDOW LITHO,PAD WINDOW LITHO,OPEN PAD WINDOW,OPEN BOND PAD WINDOW,DEVELOP PAD WINDOW
valid_0529,CLEAN AFTER VIA ETCH,CLEAN AFTER FIELD ETCH,CLEAN AFTER POLY ETCH,MEASURE VIA CD,DEPOSIT BARRIER METAL
valid_0530,CURE PASSIVATION,DEPOSIT PASSIVATION,DEPOSIT PASSIVATION LAYER,MEASURE PASSIVATION QUALITY,MEASURE PASSIVATION THICKNESS
valid_0531,DEPOSIT BARRIER METAL,MEASURE VIA CD,DEPOSIT TUNGSTEN SEED,IMPLANT SOURCE REGION,IMPLANT P BODY
valid_0532,PASSIVATION ETCH,PASSIVATION ETCH PAD OPENING,DEVELOP PAD WINDOW,STRIP RESIST,VIA OPENING INSPECTION
valid_0533,DEPOSIT TUNGSTEN SEED,DEPOSIT METAL SEED,FILL VIA TUNGSTEN,DEPOSIT BARRIER METAL,CMP METAL
valid_0534,PASSIVATION ETCH,PASSIVATION ETCH PAD OPENING,DEVELOP PAD WINDOW,STRIP RESIST,VIA OPENING INSPECTION
valid_0535,DEPOSIT BARRIER METAL,MEASURE VIA CD,DEPOSIT TUNGSTEN SEED,IMPLANT SOURCE REGION,IMPLANT P BODY
valid_0536,PASSIVATION ETCH PAD OPENING,PASSIVATION ETCH,DEVELOP PAD WINDOW,STRIP RESIST,DEVELOP PHOTORESIST
valid_0537,MEASURE VIA CD,DEPOSIT BARRIER METAL,MEASURE SURFACE UNIFORMITY,IMPLANT SOURCE REGION,MEASURE LINE WIDTH
valid_0538,DEVELOP PHOTORESIST,DEVELOP PAD WINDOW,POST EXPOSE BAKE,PAD WINDOW LITHO,OPEN PAD WINDOW LITHO
valid_0539,STRIP RESIST,STRIP PHOTORESIST,STRIP RESIST LEVEL 2,VIA ETCH,DIELECTRIC ETCH VIA
valid_0540,OPEN PAD WINDOW,OPEN BOND PAD WINDOW,MEASURE PASSIVATION QUALITY,OPEN PAD WINDOW LITHO,MEASURE PASSIVATION THICKNESS
valid_0541,STRIP PHOTORESIST,STRIP RESIST,STRIP RESIST LEVEL 2,VIA ETCH,DIELECTRIC ETCH VIA
valid_0542,OPEN PAD WINDOW,OPEN BOND PAD WINDOW,MEASURE PASSIVATION QUALITY,PAD WINDOW LITHO,OPEN PAD WINDOW LITHO
valid_0543,MEASURE VIA CD,DEPOSIT BARRIER METAL,IMPLANT SOURCE REGION,MEASURE SURFACE UNIFORMITY,CLEAN AFTER VIA ETCH
valid_0544,OPEN PAD WINDOW,OPEN BOND PAD WINDOW,MEASURE PASSIVATION QUALITY,MEASURE PASSIVATION THICKNESS,PAD WINDOW LITHO
valid_0545,DEPOSIT BARRIER METAL,MEASURE VIA CD,DEPOSIT TUNGSTEN SEED,IMPLANT SOURCE REGION,IMPLANT P BODY
valid_0546,DEVELOP PHOTORESIST,DEVELOP PAD WINDOW,POST EXPOSE BAKE,PAD WINDOW LITHO,OPEN PAD WINDOW LITHO
valid_0547,CLEAN AFTER VIA ETCH,CLEAN AFTER POLY ETCH,CLEAN AFTER FIELD ETCH,DEPOSIT BARRIER METAL,MEASURE VIA CD
valid_0548,DEVELOP PHOTORESIST,DEVELOP PAD WINDOW,POST EXPOSE BAKE,PAD WINDOW LITHO,OPEN PAD WINDOW LITHO
valid_0549,DEPOSIT TUNGSTEN SEED,DEPOSIT METAL SEED,DEPOSIT BARRIER METAL,FILL VIA TUNGSTEN,CMP METAL
valid_0550,PASSIVATION ETCH PAD OPENING,PASSIVATION ETCH,DEVELOP PAD WINDOW,STRIP RESIST,VIA OPENING INSPECTION
valid_0551,CLEAN AFTER VIA ETCH,CLEAN AFTER FIELD ETCH,CLEAN AFTER POLY ETCH,CLEAN AFTER ETCH,DEPOSIT BARRIER METAL
valid_0552,PAD WINDOW LITHO,OPEN PAD WINDOW LITHO,OPEN BOND PAD WINDOW,OPEN PAD WINDOW,DEVELOP PAD WINDOW
valid_0553,MEASURE VIA CD,DEPOSIT BARRIER METAL,IMPLANT SOURCE REGION,MEASURE SURFACE UNIFORMITY,CLEAN AFTER VIA ETCH
valid_0554,OPEN PAD WINDOW LITHO,PAD WINDOW LITHO,OPEN BOND PAD WINDOW,OPEN PAD WINDOW,DEVELOP PAD WINDOW
valid_0555,VIA ETCH THROUGH DIELECTRIC,VIA ETCH,DIELECTRIC ETCH VIA,HARD BAKE,OXIDE ETCH DRY
valid_0556,OPEN PAD WINDOW,OPEN BOND PAD WINDOW,OPEN PAD WINDOW LITHO,MEASURE PASSIVATION QUALITY,PAD WINDOW LITHO
valid_0557,MEASURE VIA CD,DEPOSIT BARRIER METAL,IMPLANT SOURCE REGION,MEASURE SURFACE UNIFORMITY,CLEAN AFTER VIA ETCH
valid_0558,DEVELOP PAD WINDOW,DEVELOP PHOTORESIST,POST EXPOSE BAKE,PAD WINDOW LITHO,OPEN PAD WINDOW LITHO
valid_0559,MEASURE VIA CD,DEPOSIT BARRIER METAL,IMPLANT SOURCE REGION,MEASURE SURFACE UNIFORMITY,CLEAN AFTER VIA ETCH
valid_0560,PAD WINDOW LITHO,OPEN PAD WINDOW LITHO,OPEN PAD WINDOW,OPEN BOND PAD WINDOW,DEVELOP PAD WINDOW
valid_0561,STRIP PHOTORESIST,STRIP RESIST,STRIP RESIST LEVEL 2,VIA ETCH,DIELECTRIC ETCH VIA
valid_0562,OPEN BOND PAD WINDOW,OPEN PAD WINDOW,OPEN PAD WINDOW LITHO,PAD WINDOW LITHO,MEASURE PASSIVATION QUALITY
valid_0563,CLEAN AFTER VIA ETCH,CLEAN AFTER FIELD ETCH,CLEAN AFTER POLY ETCH,STRIP RESIST,MEASURE VIA CD
valid_0564,OPEN PAD WINDOW,OPEN BOND PAD WINDOW,OPEN PAD WINDOW LITHO,PAD WINDOW LITHO,MEASURE PASSIVATION QUALITY
valid_0565,STRIP RESIST,STRIP PHOTORESIST,STRIP RESIST LEVEL 2,VIA ETCH,DIELECTRIC ETCH VIA
valid_0566,OPEN PAD WINDOW,OPEN BOND PAD WINDOW,OPEN PAD WINDOW LITHO,PAD WINDOW LITHO,MEASURE PASSIVATION QUALITY
valid_0567,MEASURE VIA CD,DEPOSIT BARRIER METAL,IMPLANT SOURCE REGION,MEASURE SURFACE UNIFORMITY,CLEAN AFTER VIA ETCH
valid_0568,OPEN PAD WINDOW LITHO,PAD WINDOW LITHO,OPEN BOND PAD WINDOW,OPEN PAD WINDOW,DEVELOP PAD WINDOW
valid_0569,STRIP PHOTORESIST,STRIP RESIST,STRIP RESIST LEVEL 2,VIA ETCH,DIELECTRIC ETCH VIA
valid_0570,DEVELOP PHOTORESIST,DEVELOP PAD WINDOW,POST EXPOSE BAKE,PAD WINDOW LITHO,OPEN PAD WINDOW LITHO
valid_0571,STRIP PHOTORESIST,STRIP RESIST,STRIP RESIST LEVEL 2,VIA ETCH,DIELECTRIC ETCH VIA
valid_0572,OPEN PAD WINDOW,OPEN BOND PAD WINDOW,MEASURE PASSIVATION QUALITY,PAD WINDOW LITHO,OPEN PAD WINDOW LITHO
valid_0573,CLEAN AFTER VIA ETCH,CLEAN AFTER FIELD ETCH,CLEAN AFTER POLY ETCH,MEASURE VIA CD,DEPOSIT BARRIER METAL
valid_0574,OPEN PAD WINDOW,OPEN BOND PAD WINDOW,MEASURE PASSIVATION QUALITY,MEASURE PASSIVATION THICKNESS,PAD WINDOW LITHO
valid_0575,MEASURE VIA CD,DEPOSIT BARRIER METAL,IMPLANT SOURCE REGION,MEASURE SURFACE UNIFORMITY,CLEAN AFTER VIA ETCH
valid_0576,DEVELOP PAD WINDOW,DEVELOP PHOTORESIST,POST EXPOSE BAKE,PAD WINDOW LITHO,OPEN PAD WINDOW LITHO
valid_0577,CLEAN AFTER VIA ETCH,CLEAN AFTER FIELD ETCH,CLEAN AFTER POLY ETCH,DEPOSIT BARRIER METAL,CLEAN AFTER METAL ETCH
valid_0578,DEVELOP PHOTORESIST,DEVELOP PAD WINDOW,POST EXPOSE BAKE,PAD WINDOW LITHO,OPEN PAD WINDOW LITHO
valid_0579,STRIP PHOTORESIST,STRIP RESIST,STRIP RESIST LEVEL 2,VIA ETCH,DIELECTRIC ETCH VIA
valid_0580,PAD WINDOW LITHO,OPEN PAD WINDOW LITHO,OPEN BOND PAD WINDOW,OPEN PAD WINDOW,DEVELOP PAD WINDOW
valid_0581,CLEAN AFTER VIA ETCH,CLEAN AFTER FIELD ETCH,CLEAN AFTER METAL ETCH,CLEAN AFTER POLY ETCH,MEASURE VIA CD
valid_0582,OPEN PAD WINDOW LITHO,PAD WINDOW LITHO,OPEN BOND PAD WINDOW,OPEN PAD WINDOW,DEVELOP PAD WINDOW
valid_0583,VIA ETCH THROUGH DIELECTRIC,VIA ETCH,DIELECTRIC ETCH VIA,HARD BAKE,OXIDE ETCH DRY
valid_0584,OPEN PAD WINDOW,OPEN BOND PAD WINDOW,MEASURE PASSIVATION QUALITY,OPEN PAD WINDOW LITHO,PAD WINDOW LITHO
valid_0585,STRIP PHOTORESIST,STRIP RESIST,STRIP RESIST LEVEL 2,VIA ETCH,DIELECTRIC ETCH VIA
valid_0586,PAD WINDOW LITHO,OPEN PAD WINDOW LITHO,OPEN PAD WINDOW,OPEN BOND PAD WINDOW,DEVELOP PAD WINDOW
valid_0587,STRIP PHOTORESIST,STRIP RESIST,STRIP RESIST LEVEL 2,VIA ETCH,DIELECTRIC ETCH VIA
valid_0588,OPEN BOND PAD WINDOW,OPEN PAD WINDOW,OPEN PAD WINDOW LITHO,PAD WINDOW LITHO,MEASURE PASSIVATION QUALITY
valid_0589,DEVELOP PHOTORESIST,POST EXPOSE BAKE,DEVELOP PAD WINDOW,VIA INSPECTION,VIA OPENING INSPECTION
valid_0590,CURE PASSIVATION,DEPOSIT PASSIVATION,DEPOSIT PASSIVATION LAYER,MEASURE PASSIVATION QUALITY,MEASURE LINE WIDTH
valid_0591,STRIP PHOTORESIST,STRIP RESIST,STRIP RESIST LEVEL 2,VIA ETCH,DIELECTRIC ETCH VIA
valid_0592,OPEN BOND PAD WINDOW,OPEN PAD WINDOW,OPEN PAD WINDOW LITHO,PAD WINDOW LITHO,MEASURE PASSIVATION QUALITY
valid_0593,STRIP PHOTORESIST,STRIP RESIST,STRIP RESIST LEVEL 2,VIA ETCH,DIELECTRIC ETCH VIA
valid_0594,OPEN PAD WINDOW LITHO,PAD WINDOW LITHO,OPEN PAD WINDOW,OPEN BOND PAD WINDOW,DEVELOP PAD WINDOW
valid_0595,CLEAN AFTER VIA ETCH,CLEAN AFTER FIELD ETCH,DEPOSIT BARRIER METAL,CLEAN AFTER METAL ETCH,MEASURE VIA CD
valid_0596,DEVELOP PAD WINDOW,DEVELOP PHOTORESIST,POST EXPOSE BAKE,PAD WINDOW LITHO,OPEN PAD WINDOW LITHO
valid_0597,CLEAN AFTER VIA ETCH,CLEAN AFTER POLY ETCH,CLEAN AFTER FIELD ETCH,MEASURE VIA CD,DEPOSIT BARRIER METAL
valid_0598,OPEN BOND PAD WINDOW,OPEN PAD WINDOW,MEASURE PASSIVATION QUALITY,OPEN PAD WINDOW LITHO,PAD WINDOW LITHO
valid_0599,CLEAN AFTER VIA ETCH,CLEAN AFTER POLY ETCH,CLEAN AFTER FIELD ETCH,DEPOSIT BARRIER METAL,MEASURE VIA CD
valid_0600,OPEN PAD WINDOW LITHO,PAD WINDOW LITHO,OPEN BOND PAD WINDOW,OPEN PAD WINDOW,DEVELOP PAD WINDOW
